created_at,username,tweet,source
2018-10-09 08:18:47,SabineCookieBro,"Hello everyone,
I am already live on Spotify with our music, so check it out.

https://t.co/79HpC7Erbl",Twitter Web Client
2018-10-09 08:18:47,Footasylum,"@kayleighbakerpt @gymking_ Hello, sorry for the inconvenience. @Footasylum_Help should be able to assist with this. Thanks.",Twitter Web Client
2018-10-09 08:18:46,MightyLGames,"Hello @YorksCoastRadio today we think 1974
While dancing about to Abba",TweetDeck
2018-10-09 08:18:46,MohamedSiryo,@oretga_J Hello,Twitter for Android
2018-10-09 08:18:45,achillcarrot,"@Minggu_MinSu @pledis_17 that smile &gt;&lt; ur an angel, hello!!! ‚ú®",Twitter for Android
2018-10-09 08:18:43,Grace53207450,"Hello,good morning,this is Grace from Harsle Machine Tool company,this is punching machine,if u need more informati‚Ä¶ https://t.co/HjqsLc6eXm",Twitter Web Client
2018-10-09 08:18:40,Catnames2,"Hello, I am a sunset cat called Don Jane Chihuahua of Muff #catnames","Cheap Bots, Done Quick!"
2018-10-09 08:18:39,yoongicherry,"@TheO2 hello, can I bring food inside the building?? Not the arena",Twitter for Android
2018-10-09 08:18:39,I0969taka,@ULTIMATERPE Helloüëã,Twitter for Android
2018-10-09 08:18:38,launjin,hello I was meant to be on this acc in august but life happened and I'm here now uwu,Twitter for Android
2018-10-09 08:18:38,mybabyikon,"HELLO @Redbb1n DON'T LEAVE ME HANGING, FEEDBACK PLZ",Twitter for Android
2018-10-09 08:18:37,BoxCompetition,"Hello Guys !
1. Automated Vacuum Cleaner, like THE iRobot Roomba.
2. Smart thermostat solutions, like Nest Labs:‚Ä¶ https://t.co/RM1c1NEcU3",Twitter Web Client
2018-10-09 08:18:37,AntonioCatalin8,@b_radl3y hello,Twitter for Android
2018-10-09 08:18:36,Bellamo82165411,@NCTsmtown_127 English?  Hello NCT,Twitter for Android
2018-10-09 08:18:32,ChazLanier1,@crisp_aw @greta Its not appropriate to stop a person simply because of the color of their skin which is the uninte‚Ä¶ https://t.co/6MVUTEGAjF,Twitter for Android
2018-10-09 08:18:29,vueling,"@charlottedgen Hello Charlotte, according to the SR 1-12425881343 our colleagues already refund you the reservation‚Ä¶ https://t.co/bGeSyfbgQw",CX Social
2018-10-09 08:18:26,adamzjamal,"@RoyalMabati hello, I don't know why you don't pick up the calls",Twitter for Android
2018-10-09 08:18:24,Mr_QNoobRBLX,Hello everyone! :D,Twitter Lite
2018-10-09 08:18:24,zsanylbalazon,hello @tolentinogian14 üòÇüòÇ https://t.co/WK1bLMoaWJ,Twitter Web Client
2018-10-09 08:18:21,Awo_Seyio,@Bet9jaHelp @melvinnatural Hello please I'm having issues with my account. I tried making a withdrawal and it's say‚Ä¶ https://t.co/HgdUrgQMu4,Twitter for Android
2018-10-09 08:18:19,HotpointSupport,"@TracyClose1973 Hello Tracy, I am sorry to hear this and would like yo look into this further, I just need to ask f‚Ä¶ https://t.co/YtDPfn5JJz",Conversocial
2018-10-09 08:18:12,Aaronxieqiang,"@katzkin Hello,Ms Mitchell Katz,how are you? we are car seat cover faux leather material manufacturer,if any needs‚Ä¶ https://t.co/GHPTIUYIKE",Twitter Web Client
2018-10-09 08:18:12,Obiwanflower,@Psyko_Chti @geantvert186 Hello miss üòòüòò,Twitter for Android
2018-10-09 08:18:10,Biyatife,"These people in the rural areas are human beings too, Biko! I wonder how these things never trend. @nemanigeria‚Ä¶ https://t.co/hLzZDtXJUe",Twitter for Android
2018-10-09 08:18:10,mijueee,"@Nin_Nin_Game Hello, I have been given two tracking numbers for the same order, the order no is: INIQEQJTT. Can you‚Ä¶ https://t.co/INmA0I7reD",Twitter Web Client
2018-10-09 08:18:09,iGachango,"Hello @KenyaPower_Care there's no power in some parts of Blue Triangle Village Athi River, what could be the proble‚Ä¶ https://t.co/fL6eh5FKjl",Twitter for Android
2018-10-09 08:18:06,ahseeyaa,amazing someone actually replied my hello during his isaac livestream,Twitter Web Client
2018-10-09 08:18:06,rhyder,"@balconyshirts ""Hello is that the council? I wish to report a sudden and unexpected erection in my back passage."" https://t.co/dI17qrKBtf",Twitter Web Client
2018-10-09 08:18:05,Hahanikhan10Lee,@niftywizard Hello sir I am.newbie in market I lost a lot because  of  news channel can you please guide me where t‚Ä¶ https://t.co/Vw57S1DMxw,Twitter Lite
2018-10-09 08:18:04,jaredimnineteen,"Hello, I'm Mia, I'm 31, and I never fucking learned how to make phone calls.","Cheap Bots, Done Quick!"
2018-10-09 08:18:04,Iilmeows,Hello I‚Äôll always be grateful for Yoongi‚Äôs aspirations. don‚Äôt forget to rest,"Cheap Bots, Done Quick!"
2018-10-09 08:18:01,BYOGD,Today is World Post Day! Smile and say hello to your postman! üòÑüì´ https://t.co/MDc83fv2B7,drumup.io
2018-10-09 08:18:01,tiiana_es,he's my favorite hello but my hardest goodbye &lt;3,Twitter for iPhone
2018-10-09 08:18:01,skzmxuwu,hhnNNGGGG SAY HELLO TO THE CUTEST PERSON ON EARTH uwu https://t.co/cZnctjyX4N,Twitter for Android
2018-10-09 08:18:00,sejkou,hello i love wwx,Twitter for iPhone
2018-10-09 08:17:59,Asur_Ra,"@HillaryClinton Hello, Mrs Clinton! Sorry about the online translator.  I  offer you an exclusive course of body re‚Ä¶ https://t.co/E7LSRvXaTt",Twitter Web Client
2018-10-09 08:17:58,Grace53207450,"Hello,good morning,this is Grace from Harsle Machine Tool company,this is shearing machine,if u need more informati‚Ä¶ https://t.co/459U4pECc3",Twitter Web Client
2018-10-09 08:17:57,Eric_TB_bot,"Hello, old friend. We've come to finish what we started",twittbot.net
2018-10-09 08:17:57,AdmiralUKHelp,"@pcharts94 Hello there Pete, sorry to hear you haven't received your documents yet but I'm happy to take a look int‚Ä¶ https://t.co/phHi9wPDM0",SocialSignIn Application
2018-10-09 08:17:55,xStilllTheOnex,"@VasiliaofGreece She looked at the woman through her sunglasses,  not knowing who she was. 

‚ÄúHello?‚Äù 

She put her‚Ä¶ https://t.co/Y4HFhnZoHJ",Twitter for iPhone
2018-10-09 08:17:54,gbbyx0,Hello... can you hear me? Now put your hands in the air üôåüèª for the century https://t.co/tIqUm9BNRX,Twitter for iPhone
2018-10-09 08:17:53,ScrapbookLives,@ThestoryofJS Hello! Lifestyle blogger with lots of travel and some fashion content. https://t.co/sUSIRc71kw hello@scrapbookblog.co.uk da34,Twitter for Android
2018-10-09 08:17:53,Being_Students,"my first instinct when I see an animal is to say ‚Äúhello‚Äù.

my first instinct when I see a person is to avoid eye co‚Ä¶ https://t.co/zncJruGnn8",jhsdbfhbsdfjlb
2018-10-09 08:17:53,Being_Students,"my first instinct when I see an animal is to say ‚Äúhello‚Äù.

my first instinct when I see a person is to avoid eye co‚Ä¶ https://t.co/zncJruGnn8",jhsdbfhbsdfjlb
2018-10-09 08:17:52,trixiaxx_,hello https://t.co/bAFA7OjCtt,Twitter for Android
2018-10-09 08:17:50,ruthyone,"Just saying hello to my new follower @Poemnotebook51, looking forward to tweeting with you. #sayhello https://t.co/txWcIQ5RKb",Who Unfollowed Me
2018-10-09 08:17:50,remnlsce,@ULTIMATERPE Hello,Twitter for Android
2018-10-09 08:17:50,InSearchfor1,@KavyaNakshatra @Chinmayi @varusarath Hello madam first year enna sonalum post panratha niruthunga....athoda unmai‚Ä¶ https://t.co/Cfb8f2vQBd,Twitter for Android
2018-10-09 08:17:49,Jan0fficial,"well hello there #Formbook #Password #Stealer #Malware üòÖ

sha256: 1d622262ed2c165d7b5fd028035807ef98aa704ee1ca56894‚Ä¶ https://t.co/F07HC1aX0H",Twitter Web Client
2018-10-09 08:17:49,myars21,RIP Hello happy World,Twitter Web Client
2018-10-09 08:17:46,keunkunmuch,"hello so hmm retweet or like this to be added into a #NCTzenSelcaDay hype group chat!!!
- the only rules are to be‚Ä¶ https://t.co/qPetG9itaJ",Twitter for Android
2018-10-09 08:17:45,EnjoyNature,@AllaKrymova üòäü¶ãüòä Hello have a great day !!!  ü¶ãüòäü¶ã,Twitter Web Client
2018-10-09 08:17:43,kailareneeswift,Hello I love @taylorswift13 that is all goodnight,Twitter for iPhone
2018-10-09 08:17:41,1996Edition,@twitervibes hello,Twitter for Android
2018-10-09 08:17:39,rindou105,"@Mrcoffeestuff Hello. I'm glad about that feeling. But, No reposting of my art. I¬†do¬†not¬†admit¬†it. Sorry‚Ä¶",Janetter for Android
2018-10-09 08:17:39,FirstBankngr,"Hello @fejirooliver86, please advise the beneficiary to call 0700 FIRSTCONTACT (0700 34778 2668228) 0708062500, 01‚Ä¶ https://t.co/IwY5iWnjxJ",Hootsuite Inc.
2018-10-09 08:17:39,ashiknees,"Hi! Hello!

Tayla Parx is that girl!!!!

Thanks for your time that is all.",Twitter for iPhone
2018-10-09 08:17:38,gxbyd,hello talk to me n make me feel loved because i need it https://t.co/emrXYo9E4E,Twitter for iPhone
2018-10-09 08:17:38,gypsophilasp,"@ULTIMATERPE Hello, my favorite",Twitter for Android
2018-10-09 08:17:37,HFGroupCare,"@princejosse Hello @princejosse download from play store/App store, register and voila!You can buy goods, send mone‚Ä¶ https://t.co/jlrf0ZsO5S",Twitter for Android
2018-10-09 08:17:35,sadvgasm,io ft. il treat people with kindness ft. le fotocopie appena fatte helLO https://t.co/LDEVvpBuzw,Twitter for iPhone
2018-10-09 08:17:33,ruthyone,"Just saying hello to my new follower @ltsthoughts, looking forward to tweeting with you. #sayhello https://t.co/txWcIQ5RKb",Who Unfollowed Me
2018-10-09 08:17:32,bxxkofdares,"Hello, guys. Hindi ko alam if you even noticed our interactions, pero matty oppa and I aren't in a relationship. Hi‚Ä¶ https://t.co/BACMSwWouE",Twitter for Android
2018-10-09 08:17:32,sikenpoems,"There is an empty space next to you in the backseat of the
station wagon. Make it the shape of everything you need. Now say hello.",sikenpoems
2018-10-09 08:17:31,kada_liga,"@jnahucez @yusuf_aliyyu @Nonso523 Hello Jamil, thank you for your interest in joining our league. Unfortunately it‚Ä¶ https://t.co/aA8K1Ep6Hw",Twitter for Android
2018-10-09 08:17:31,2cevennes,@MauriceMartin01 @CoquetteEric @gerardcollomb Hello Maurice!,Twitter for Android
2018-10-09 08:17:30,hi_so_ka_98,@suingmyself @gcftexts OML HELLO XD LETS TALK ABOUT IT LOTS,Twitter for Android
2018-10-09 08:17:30,ClCharpentier,"@chris_mahan Hello ! When I translate one of my tercet shaped like a haiku, I try to maintain the same form (5-7-5‚Ä¶ https://t.co/iAdMcTDphR",Twitter Web Client
2018-10-09 08:17:28,Grace53207450,"Hello,good morning,this is Grace from Harsle Machine Tool company,this is punching machine,if u need more informati‚Ä¶ https://t.co/FIpKDtc4Zp",Twitter Web Client
2018-10-09 08:17:27,Iittleshy,Hello Harrys alive https://t.co/eXNd67EAjO,Twitter for iPhone
2018-10-09 08:17:26,JessToBrazil,"Wow, my driver didn‚Äôt even say hello to me when I entered the car. Athens is heaven.",Twitter for iPhone
2018-10-09 08:17:22,EveryAlienBot,"‚†Ä ‚†Ä ‚†Ä  üëΩ
„ÄÄ   üë®üèΩ‚Äçüé®üë®üèΩ‚Äçüé®üë®üèΩ‚Äçüé®
    üë®üèΩ‚Äçüé®   üë®üèΩ‚Äçüé®„ÄÄüë®üèΩ‚Äçüé®
   üñï   üë®üèΩ‚Äçüé®üë®üèΩ‚Äçüé® üñï
  „ÄÄ  üë®üèΩ‚Äçüé®„ÄÄüë®üèΩ‚Äçüé®
„ÄÄ   üë®üèΩ‚Äçüé®„ÄÄ üë®üèΩ‚Äçüé®
„ÄÄ   üëü      üëü
Hello E‚Ä¶ https://t.co/6M6A1NSWkL","Cheap Bots, Done Quick!"
2018-10-09 08:17:20,VillaSurprise,"hello @karryontravel 
thanks for sharing your TOP FIVE EXPERIENCES for @CapeTown

we pass it on to our guests and f‚Ä¶ https://t.co/X9Ub572hIy",Twitter for Android
2018-10-09 08:17:19,FirstEssex,"@Mandi1066 Hello Mandi, we sincerely apologise for the delayed service. If you would like us to look into why the s‚Ä¶ https://t.co/31b5LYKplU",Hootsuite Inc.
2018-10-09 08:17:17,DrMingmaSherpa,@valleytraffic @Hello_Sarkar Thank you so much!,Twitter Web Client
2018-10-09 08:17:17,styleshozier,HELLO MY BABY https://t.co/5PSnYLgZSp,Twitter for iPhone
2018-10-09 08:17:16,AntonioCatalin8,@mintycampbell hello,Twitter for Android
2018-10-09 08:17:16,andicusrobin1,"@KatieWheeler09 Hello, I can assist you do the best in your exams",Twitter Web Client
2018-10-09 08:17:15,myelina_k18,@ULTIMATERPE Im his girlfriend hello too,Twitter for iPhone
2018-10-09 08:17:14,Bookevinnnnn,@readatmidnight Hello. Have you read Muse of Nightmares?,Twitter for iPhone
2018-10-09 08:17:13,gcfshobi,hello new mutuals let‚Äôs be bffs,Twitter for iPhone
2018-10-09 08:17:13,hae_jhoyce,@sanahypebot EXCUSE ME TVXQ AND SUJU HELLO! BEFORE YOU POST SOMETHING LIKE THIS GET YOUR FACTS RIGHT! https://t.co/XxjPmfJtUH,Twitter for Android
2018-10-09 08:17:13,ruthyone,"Just saying hello to my new follower @CutestPugs__, looking forward to tweeting with you. #sayhello https://t.co/txWcIQ5RKb",Who Unfollowed Me
2018-10-09 08:17:12,serah41270738,"@TomJ_Welling hello, Med Children of 9 and 5 years and myself, we are happy to come to Paris on October 20 to meet‚Ä¶ https://t.co/LCfQbUEfhG",Twitter for iPhone
2018-10-09 08:17:11,EnjoyNature,@ozlemtasl1 üòäü¶ãüòä Hello have a great day !!!  ü¶ãüòäü¶ã,Twitter Web Client
2018-10-09 08:17:11,felaflex254,@iits_mi_barbie hello,Twitter for Android
2018-10-09 08:17:09,broadwaycom,Video! Broadway legend @BettyBuckley sits down for a chat about touring the country in @HelloDollyBway!‚Ä¶ https://t.co/BvB1USaUvH,SocialFlow
2018-10-09 08:17:08,Virtumente,"Wordpress Hosting, Install and Config Run Through  Hello,  I am looking for someone who can recommend and setup a g‚Ä¶ https://t.co/jehRg1jvid",Virtumente
2018-10-09 08:17:07,cupidthyng,hello I just got home and I am so tired and exhausted,Twitter for iPhone
2018-10-09 08:17:01,rodrigoacuzar,"Hello, daaaaaahliiiiiiings! You know I won't trade you for a Caymus bottle or even shots of Remy‚úå https://t.co/JJw76XTz3F",Twitter for Android
2018-10-09 08:17:00,amicuscm,We'll be there - come and say 'hello' at stand G10 #FPShow2018 #CommercialMortgages https://t.co/qR9EZ6rpef,Twitter Web Client
2018-10-09 08:17:00,Majd_e,"Hello I‚Äôm ready to join society back again, bring in the humans.",Twitter for iPhone
2018-10-09 08:16:58,corbeanseavey,@Cheyenne_seavey Yes hi hello add me xx,Twitter for Android
2018-10-09 08:16:57,Danyelluis23,"I want to know you, i want to see, i want to say hello hello hello üéßüòîüòîüòî",Twitter Lite
2018-10-09 08:16:56,masdoyoung,@koreanthingy HELLO,Twitter for Android
2018-10-09 08:16:56,andicusrobin1,"@todaytyIer Hello, I can assist you do the best in your exams",Twitter Web Client
2018-10-09 08:16:52,fizzyshotapop,@lenkagaminya Tell Lucas hello for me,Twitter for iPhone
2018-10-09 08:16:52,Hordy99,"@jubileechalets Hello @jubileechalets I need to get some more information about using your facility for our group AGM, thanks",Twitter for Android
2018-10-09 08:16:49,abbjoonie,@bhaddietaehyung HELLO CUTIE,Twitter for Android
2018-10-09 08:16:47,itsFreya11,@UserOnlyGuys @Francen09 @JoyceEsma @roma_cake @KierViEuropeOFC @sweetshimmer_43 @BlackladyMeow @InangCake‚Ä¶ https://t.co/6yaZaGiM8U,Twitter for Android
2018-10-09 08:16:46,_YeoBom_,Hello everyone,Twitter for Android
2018-10-09 08:16:45,ExpertShrink,@heIIojun Hello and thanks for the follow. I'm doing a bit of research .....have you ever struggled with a mental h‚Ä¶ https://t.co/cc4i6JYyQi,SocialBee.io
2018-10-09 08:16:45,jitenpalkumar,"Hello Sir,
I think u like to prefer shorts rather than buying...?
Shorts Suits you most...
Right...? 
@niftywizard",Twitter for Android
2018-10-09 08:16:44,D3lah_say,Hello hello please listen to me. Hello. Helloo. Listen to me!! Oh please listen to meü§£ü§£ü§£,Twitter for Android
2018-10-09 08:16:44,HEEBIBIDCH,"@IGotLovesCA Hello! may I try? hehe. I drop myself here to let you check on my profile, do I suit your criteria? I‚Ä¶ https://t.co/3C8ott3srE",TweetDeck
2018-10-09 08:16:42,shop4nl,"@Cherishe_77 Hello, I can see that your order was shipped on the 21st of September so it should have arrived by now‚Ä¶ https://t.co/8Si3qRjlOH",TweetDeck
2018-10-09 08:16:40,GayatriDahiya,@debiparna_c Hello again @debiparna_c! Thank you! :),Twitter for iPhone
2018-10-09 08:16:40,bagelseavey,@imLeonKroeber hello !,Twitter for iPhone
2018-10-09 08:16:40,carolinaDLPi,@Road_Goth Say hello! How are you?!!,Twitter for iPhone
2018-10-09 08:16:40,sfc_RachelR,If you are at the UKHCA conference today say hello to @sfc_AliR https://t.co/n1TX6cdQMX,Twitter for Android
2018-10-09 08:16:38,njuwaaaa_,"Hello crush, I'm in front of you. Please give me your attention pleaseeeeee üëâüèªüëàüèª",Twitter for iPhone
2018-10-09 08:16:36,seedlemosquito,hello saya homesick (4) https://t.co/M4AqMw9cS4,Twitter for Android
2018-10-09 08:16:36,ValarieMakete,"@HELBpage Hello, check my loan status, 33919681, its been two weeks since you disbursed the loan yet I see nothing in my account",Twitter Lite
2018-10-09 08:16:35,PlayingWithSuga,@AXS_UK hello I‚Äôm having some trouble with my ticket in your app can you please help me üò©üò©,Twitter for iPhone
2018-10-09 08:16:33,versxsce,@ULTIMATERPE Well i'm not Jungkook but hello,Twitter for iPhone
2018-10-09 08:16:30,Asur_Ra,"@BarackObama Hello, Mr Obama! Sorry about the online translator. English not speak. I offer you an exclusive course‚Ä¶ https://t.co/17BFsDCzGq",Twitter Web Client
2018-10-09 08:16:29,3RR0R707,@spoopychenle @_tweetails_ THATS THE 1ST THING U SHOULD LEARN BESIDES OF HELLO IN EVERY LANGUAGE,Twitter for Android
2018-10-09 08:16:28,BScatmen,@NickyDanino Hello https://t.co/oRirmLJUcp,Twitter for Android
2018-10-09 08:16:26,lollybubbles,Hello.. dont slide in if you dont have sense o https://t.co/i0ORoqP34U,Twitter for Android
2018-10-09 08:16:26,tastybyun_,"Knowing Bros
2 days one night 
Return of super man 
Hello counselor
Super TV 2
Happy camp 
Master key 
I think it's okay now uwuw",Twitter for Android
2018-10-09 08:16:25,BayonettaQuotes,"Hello there, Cheshire!","Cheap Bots, Done Quick!"
2018-10-09 08:16:25,Nileskumi,Hello! I moved! Go to @Nileskumi and sb this account!,·ïô( * ‚Ä¢ÃÄ ·óú ‚Ä¢ÃÅ * )·ïó
2018-10-09 08:16:25,Grace53207450,"Hello,good morning,this is Grace from Harsle Machine Tool company,this is shearing machine,if u need more informati‚Ä¶ https://t.co/jxYzwvIsNP",Twitter Web Client
2018-10-09 08:16:19,mikaylahchan,@imLeonKroeber hello loser üíõ,Twitter for iPhone
2018-10-09 08:16:19,noshi271,"Hello, work",feather for iOS  
2018-10-09 08:16:17,mariaange11ca,"hello, finals üòçüíó i‚Äôm so not ready for you",Twitter for iPhone
2018-10-09 08:16:17,TalentTools,"Hello, Henrik Beckmann Thanks for the follow! I look forward to reading your tweets.",IFTTT
2018-10-09 08:16:15,Lucy30949455,@BTPDogs Well hello x,Twitter for iPhone
2018-10-09 08:16:15,TLRailUK,"@iaannuk Hello Yanu, very sorry to hear this! Please can you confirm your claim reference number and further info v‚Ä¶ https://t.co/Fjc8EJeZWr",CX Social
2018-10-09 08:16:13,Julie_Wa_Kimani,@rosetta_kimani @Simonlolgos1 @Mimmy_Khamis @SwanyaGeofrey @Arsen_Gidraph4 @Classic105Kenya #Rosetta hello. #TeamMimmyK,Twitter for Android
2018-10-09 08:16:12,SmolBabyBot,Hello there! This is bad,"Cheap Bots, Done Quick!"
2018-10-09 08:16:12,HoleckaVladimir,"Hello, it's Vladimir  from Epoch Media Group We loved your video below. 
https://t.co/ho4Zt1UFmb
We would like to u‚Ä¶ https://t.co/hLcel0iORy",Twitter Web Client
2018-10-09 08:16:10,JvrAdriaan,"I liked a @YouTube video https://t.co/gMezdKb4d5 LIVE LEO Recap: Hi, hello, how ya doin?",Google
2018-10-09 08:16:07,barebacktime,Hello and welcome to HornyAlex4. Thank you for following.,Zapier.com
2018-10-09 08:16:07,YeeYeeSan3,@NJlVZyOEvNt8T5H @chrischanjks @sukkie_eel @q8CpoGqvB61Kvcz @liels2000 @Z1jm2ENf6P5ZW0f @MarchRios3 @RosilloTorija‚Ä¶ https://t.co/pGgAifxaCr,Twitter for Android
2018-10-09 08:16:07,AylakeJ,"#Beaded #bracelet is an #amazing thing, it can completely change the look of your outfit for the day and help expre‚Ä¶ https://t.co/qKYNranQd7",Twitter Web Client
2018-10-09 08:16:07,ChrisDrake91,@MonsterReTwitch @TheRealTityBoy @SGH_RTs Hello and welcome to my channel! :)  https://t.co/9AGjaWsAHF,Twitter for Android
2018-10-09 08:16:07,frenny531,Cutting edge tech from @Shell_India for the best biking experience. Say hello to the new Shell Advance AX7 #OutrideAnything,Twitter for Android
2018-10-09 08:16:06,jimandroid10,@OmarHaridy I emailed a physics professor in Sweden once regarding a PhD candidacy. I started with a ‚Äúhello‚Äù instea‚Ä¶ https://t.co/T4SqGwZHQt,Twitter Lite
2018-10-09 08:16:02,bendizhodouglas,"On such a quiet dull morning, someone calls you and starts the phonecall with ""Hello Daaga, we have good news for y‚Ä¶ https://t.co/T3ru0NrWIZ",Facebook
2018-10-09 08:16:02,kaqsolar,"@royalbased good boy - gd taeyang
everybody - shinee
hello bitches - cl",Twitter for Android
2018-10-09 08:16:01,Eunny57063101,@HELBpage hello Helb..please check on my loan disbursement.. I.d 34187249,Twitter for Android
2018-10-09 08:16:00,slime_slimey,@it_meirl_bot hello dog,Twitter for Android
2018-10-09 08:15:59,beyondaveryy,@imLeonKroeber well hello üíì,Twitter for iPhone
2018-10-09 08:15:59,DaudSheriff,@FBN_help Hello! A friend of mine who just left Nigeria had some transaction issues with first bank and has asked t‚Ä¶ https://t.co/8dKMLBVGSR,Twitter for Android
2018-10-09 08:15:57,Shieyra_Stuff,HELLO KITTY and DOREAMON lover mana?  üòÖüòò‚ù§üòÇ,Facebook
2018-10-09 08:15:56,Korey79522070,"@AjhulzCrypto Hello, my name is Sergei, I am a founder of private trading community ¬´10x club¬ª. Now we opened our d‚Ä¶ https://t.co/uDhJqTL8RQ",Twitter for Android
2018-10-09 08:15:53,DeadassDumbass,Hello and welcome to my fan account for myself https://t.co/hVBD84Xyux,Twitter for Android
2018-10-09 08:15:51,hankyluv,@_SJPeace_ I read some of your tweets and you stated that I could be your friend and follower here if I would like‚Ä¶ https://t.co/vnHYU5Ny8C,Twitter for iPhone
2018-10-09 08:15:47,INTERNETjp_en,"ÊÇ®Â•Ω!Hello!!
It will be held from tomorrow. Our booth is N1 A33. Please visit us. https://t.co/I1hjSnEAyk",Twitter for iPhone
2018-10-09 08:15:47,Kim47875486,"@Melissa28278064 @Erin06216747 @cookdcrypto Hello, my name is Sergei, I am a founder of private trading community ¬´‚Ä¶ https://t.co/BEbu4HPtuz",Twitter for Android
2018-10-09 08:15:46,Joshua08084437,"@Brandon84947926 @yarusefio Hello, my name is Sergei, I am a founder of private trading community ¬´10x club¬ª. Now w‚Ä¶ https://t.co/xQbeJ6XE2J",Twitter for Android
2018-10-09 08:15:46,IqcheoI,hello i just screamed,Twitter for Android
2018-10-09 08:15:46,azconfidant,"@davidbritt hello,whats up!i'm a music producer,could you please take a look at my new beat https://t.co/cFIV0lBhLG thanks üëçüëçüôå üôå",Twitter Web Client
2018-10-09 08:15:46,irate_inigo,Hello! My name is Alicia Silverstone. You killed my cabinetmaker. Prepare to die.,"Cheap Bots, Done Quick!"
2018-10-09 08:15:46,LidiaMinou,"@GaryBarlow Hello Gary sunshine ? What you up to today ? I hope you've had a good coffee and breakfast, have a wond‚Ä¶ https://t.co/lbBHUFolqx",Twitter for iPhone
2018-10-09 08:15:44,ExpertShrink,@Elsabox123 Hello and thanks for the follow. I'm doing a bit of research .....what do you do that helps to reduce y‚Ä¶ https://t.co/oOjLcI1gXI,SocialBee.io
2018-10-09 08:15:44,vcyeur,"hello peachy girl, welcome to the playground. the name is derek anyway. https://t.co/2MjY5CLERH",Twitter for Android
2018-10-09 08:15:43,rozupark,"@THEJIEQlONG Oh! Hello there! l‚Äôve just came back from a long hiatus, so I can‚Äôt recall on how we‚Äôve met. I have su‚Ä¶ https://t.co/IWrWfeOxqJ",Twitter for iPhone
2018-10-09 08:15:41,Rajsonk58167775,Hello everyone Time and distance don‚Äôt matter when I‚Äôm on my bike. With Shell Advance AX7 I can #OutrideAnything,Twitter for Android
2018-10-09 08:15:41,MrZage,Hello! @dawisu May be it did not come to your notice that there was an alleged social media messages especially wha‚Ä¶ https://t.co/tOgvGAgOjp,Twitter for Android
2018-10-09 08:15:39,Jungkook_stb,Hello  https://t.co/c4DPQqbfJB,Curious Cat
2018-10-09 08:15:35,MTN180,"@emoshoke_ @MTNNG Hello, apologies on the network inconvenience. Please DM your phone number for checks and resolution. ^SL",TweetDeck
2018-10-09 08:15:34,LyricalOmenHP,I liked a @YouTube video https://t.co/WifFKU97m9 WHY ARE THEIR DANCING ALIENS IN THIS HELLO NEIGHBOR RIPOFF? | Hello Neighbor Mobile,Google
2018-10-09 08:15:33,GordonHarmony,"@Rosie_fluffybun Hello lil bunny. 
You my FIRST BunBun friend !

Yoo is a dolly ! ‚ù§üêá",Twitter for Android
2018-10-09 08:15:32,athena425,@SkyNews Hello from Tbilisi. The funny part is that the dog had gum stuck to its fur (a common occurrence with stre‚Ä¶ https://t.co/OjHP4pyzOI,Twitter Web Client
2018-10-09 08:15:32,Curo_Group,"@_rachaelxx Hello Rachael, 

If you would like me to investigate what has happened in regards to your door, please‚Ä¶ https://t.co/Wy0jPkfBUO",SocialSignIn Application
2018-10-09 08:15:30,http_sizzler,hello,Twitter for Android
2018-10-09 08:15:28,thegamerbaylp,"Let's Play - Hello Cats, Level 5: https://t.co/eexLuszAsY via @YouTube",Google
2018-10-09 08:15:27,Jimuel38293786,"@nemhome Hello, my name is Sergei, I am a founder of private trading community ¬´10x club¬ª. Now we opened our doors‚Ä¶ https://t.co/wnDFIyV6zL",Twitter for Android
2018-10-09 08:15:27,pocs80,"@piaroos1 @moa_roos Hello share-doggie, you're back on a great journey of discovery. Yes, there is so much to explo‚Ä¶ https://t.co/NQS9S8Wb3h",Twitter Web Client
2018-10-09 08:15:24,Wilson93232054,@ms_koki Hello,Twitter Web Client
2018-10-09 08:15:23,Roderick_FR,@chinimini @KrisleshizleEU @IslandGrown11 @ManaProd @Carolin39819868 @ChildishPlays Have a safe trip guys! Enjoy Se‚Ä¶ https://t.co/pS7jYvmvRS,Twitter Web Client
2018-10-09 08:15:22,serah41270738,"@thebriankrause hello, Med Children of 9 and 5 years and myself, we are happy to come to Paris on October 20 to mee‚Ä¶ https://t.co/fS0cuiUdPp",Twitter for iPhone
2018-10-09 08:15:22,Chris53353192,"@gordongekko369 @thacryptomaniac Hello, my name is Sergei, I am a founder of private trading community ¬´10x club¬ª.‚Ä¶ https://t.co/pz0GUk5iHj",Twitter for Android
2018-10-09 08:15:22,AntonioCatalin8,@OnlyMillsy hello,Twitter for Android
2018-10-09 08:15:21,FlyRwandAir,"@porklady Hello @porklady,

What will be your travel dates? Kindly share more details so that we can advise you accordingly. Thank you",Twitter for iPhone
2018-10-09 08:15:20,ruthyone,"Just saying hello to my new follower @bounce_kcaB, looking forward to tweeting with you. #sayhello https://t.co/txWcIQ5RKb",Who Unfollowed Me
2018-10-09 08:15:19,ELLAbyoow,"Hello Guys!!! Sungwoon, Guanlin, Jaehwan, Baejin and Jisung Photocards still available. Please adopt them na. Pleas‚Ä¶ https://t.co/e5x5E1xPSX",Twitter for iPhone
2018-10-09 08:15:19,KyleeRaevyn,@shanedawson hi. hello. love u,Twitter for iPhone
2018-10-09 08:15:18,ntelcare,"@isaacsokari @jerry4prince @ntelng Hello@isaacsokari, please be informed that plan has been activated successfully‚Ä¶ https://t.co/q78xjJVdPP",Twitter Web Client
2018-10-09 08:15:17,LelianaMonet,#chaturbatehalloween hello guys I'm happy with my little monster https://t.co/Nn9tCtX3qw,Twitter Web Client
2018-10-09 08:15:15,TeBooo_M,@Mo_riskie @EMKEM_Mike Hello,Twitter for Android
2018-10-09 08:15:14,RSPBScotland,"The Inner Forth Landscape Initiative came to an end in September, but the partnership will continue as Inner Forth‚Ä¶ https://t.co/deXRE4JWEa",Hootsuite Inc.
2018-10-09 08:15:13,theunknownkxng,@Sneekapeekkicks hello @Sneekapeekkicks is it possible for me to talk to you please.... Can you check your messages?..... If you have timeüôèüôè,Twitter for Android
2018-10-09 08:15:12,Mary29410548,"@Elijah63741229 @Taylor66316971 @yarusefio Hello, my name is Sergei, I am a founder of private trading community ¬´1‚Ä¶ https://t.co/BdeXHEn0NR",Twitter for Android
2018-10-09 08:15:12,Dalyn83041995,"@radioakctive Hello, my name is Sergei, I am a founder of private trading community ¬´10x club¬ª. Now we opened our d‚Ä¶ https://t.co/S9z3HgvxqV",Twitter for Android
2018-10-09 08:15:10,PurpolMarketing,"It's Tomorrow!!!
Cant wait to speak at UK Construction Week on How to Win that Construction Bid.
Come and say hello‚Ä¶ https://t.co/90dX4vWBYz",Hootsuite Inc.
2018-10-09 08:15:10,Troy60650394,"@trinance1 Hello, my name is Sergei, I am a founder of private trading community ¬´10x club¬ª. Now we opened our door‚Ä¶ https://t.co/lkQaAW44KJ",Twitter for Android
2018-10-09 08:15:09,t2apprentice,Don't forget to come along tomorrow to @SkillsCymru @MotorpointDiff  and say hello. We have a great prize up for gr‚Ä¶ https://t.co/uHjvj4LZuT,Hootsuite
2018-10-09 08:15:09,garay19850603,hello world,Twitter for Android
2018-10-09 08:15:08,koreanthingy,/krt/ SAY HELLO TO PLEDIS' NEW CEO https://t.co/P2agDnIirO,Koreanthingy
2018-10-09 08:15:07,annienym11,I said ‚ÄûHello‚Äú from you :-)) @geertvanbuul ü§ó https://t.co/yeTgn7GoSR,Twitter for iPhone
2018-10-09 08:15:07,hellomag,Would you like to know all the details on Princess Eugenie and Jack Brooksbank's wedding? Find out more about their‚Ä¶ https://t.co/srya9ERMrj,Hootsuite Inc.
2018-10-09 08:15:05,serah41270738,"@H_Combs  hello, Med Children of 9 and 5 years and myself, we are happy to come to Paris on October 20 to meet you‚Ä¶ https://t.co/hS3e4VLKrE",Twitter for iPhone
2018-10-09 08:15:03,Nancy7037,"@PerezMalia Hello there! 
We would love to assist you. We are having a team of professional developers with more th‚Ä¶ https://t.co/Zm5k7AFsdw",TweetDeck
2018-10-09 08:15:01,PD_Riggs,Team Darbey taking part in the 7-7 spin at Lace walk Honiton in aid of HOSPICE CARE . Come down and say hello. Or j‚Ä¶ https://t.co/T4xdHfSruz,Twitter for iPhone
2018-10-09 08:15:00,mpsplc,Hello @iNetGroupLtd. Thanks for the follow üëç,Twitter Web Client
2018-10-09 08:15:00,loonatoon1,Hello world!,Twitter for iPhone
2018-10-09 08:14:58,LyfRockzzz,Hello everybody do checkout The official trailer of #TumbbadThisFriday https://t.co/GPCAH1MRpc,TweetDeck
2018-10-09 08:14:57,Tristargaryen23,@wernercojunio hello same im gonna sleep ajah,Twitter Web Client
2018-10-09 08:14:57,SHRIDHA16490798,Hello https://t.co/5D3G1zgv8D,Twitter for Android
2018-10-09 08:14:56,Idolboxsan,HALLOWEEN EDITION TOO HELLO,Twitter Web Client
2018-10-09 08:14:55,ActiveBucks,"@bill_russell3 @bucksccgs Hello Bill, yes that is correct.",Twitter Web Client
2018-10-09 08:14:54,ArmandoVizia,@lycamobile Hello! I have a UK sim card with the national plus bundle and i am currently in Italy. I can't register‚Ä¶ https://t.co/sK1lwP5xZg,Twitter Lite
2018-10-09 08:14:54,ChongbotV1,Hello! Michael Chong's classically conservative positions are practical and forward-thinking.   #chongtourage @SylviePCC2015,ChongBot
2018-10-09 08:14:53,canmali_can,Hello mummy ü¶Å üì∏: @kidzan7 https://t.co/uaxe8eWV6S,Instagram
2018-10-09 08:14:52,Andrew88170622,@MyTravelingJoys Hello dear nice,Twitter for Android
2018-10-09 08:14:50,Vadim_Gut,"@UriShaked so what was the string ""Hello board ..."" #reversim",Twitter for Android
2018-10-09 08:14:50,brujathadon,Hello. Common sense is free as fuck,Twitter for iPhone
2018-10-09 08:14:49,NnaEnibe,"Hello Modupe, the only Nigerian I know that trust INEC from the bottom of her heart. üòä https://t.co/ORW9WCnddK",Twitter for Android
2018-10-09 08:14:49,officiallyoungk,Hi hello. Please help RT-ing this. Thank you. :) https://t.co/QPCXW9IdSE,Twitter Web Client
2018-10-09 08:14:48,prokabaddiii,"Hello all.... 
Today two matches team available  my #telegram channel 
#Channel link in my pinned tweet
Like 
Retwe‚Ä¶ https://t.co/E4xXZerDu7",Twitter for Android
2018-10-09 08:14:48,Asur_Ra,"@Schwarzenegger Hello, Arnold! I offer you an exclusive course of body rejuvenation. The body begins to  grow young‚Ä¶ https://t.co/OxBXA4XtPK",Twitter Web Client
2018-10-09 08:14:47,AntonioCatalin8,@coleym64 hello,Twitter for Android
2018-10-09 08:14:45,BORNTOCUM,@_3dollarchain Hello! Ur most welcome! A little introduction?üòå,Twitter Lite
2018-10-09 08:14:45,MissTvtm,@Sah75official Hello,Twitter Web Client
2018-10-09 08:14:44,ExpertShrink,@balifornian991 Hello and thanks for the follow. I'm doing a bit of research .....have you ever struggled with depr‚Ä¶ https://t.co/r1r9jEiWut,SocialBee.io
2018-10-09 08:14:44,princepalace15,"@Soundcity985FM  #WhatsUpLagos
Hello Good Morning, 
Could you kindly send the phone number of the company looking f‚Ä¶ https://t.co/U6olZpvAWT",Twitter Lite
2018-10-09 08:14:43,GenuineTutor,@brooklyngrimes Hello. For your whole semester online classes and even exams you don't have to worry anymore about‚Ä¶ https://t.co/KvAeLTwUW9,Twitter Web Client
2018-10-09 08:14:42,lucyrebecca141,@MichaelO672000 Hello,Twitter for iPhone
2018-10-09 08:14:42,daidukul,hello I'm awake but I knocked the fuck out,Twitter for Android
2018-10-09 08:14:39,atlxntes,"Hello Ares! No need to be sorry, I'm the one who need to be sorry because I rarely greet all of you. Why did you th‚Ä¶ https://t.co/kUz8ViWMjR",Twitter for Android
2018-10-09 08:14:39,NorthFifePol,"Cupar Community Officers will be at Tesco, Cupar this morning from 10am to 12pm along with @FifeTS providing advice‚Ä¶ https://t.co/fnkhGo6TKU",Twitter for Android
2018-10-09 08:14:38,scooterbotboy,"Random person: hi

Jimin: hello *jacket falls off* 
how *shirt rips* 
are",ScooteryBotBoy
2018-10-09 08:14:37,sheepzyx1485,@LAY_zhang_ Hello @LAY_zhang_ I made this art JUST FOR YOU. üíú I Hope you'll like it.üíú https://t.co/uURzmhqFXq,Twitter for Android
2018-10-09 08:14:37,OlajideBcollins,"@ntelcare hello good morning,pls I want to activate 1k wawu data plan on this line 08040083445 thanks",Twitter for Android
2018-10-09 08:14:36,mipster,Goodbye #sqlrelay hello #datarelay,Twitter for iPhone
2018-10-09 08:14:35,DrMGhisoni,@CALL_247 Bangor University @SHSBangor Tea &amp; Talk event - today -  in the student zone for World Mental Health Day‚Ä¶ https://t.co/no3IdUXnkc,Twitter Web Client
2018-10-09 08:14:32,dessy7tanggang,hello #BOT,twittbot.net
2018-10-09 08:14:32,Olwethu_Ncukana,Hello in Blurry pictures https://t.co/F5KouBDjUs,Twitter for Android
2018-10-09 08:14:30,HelenaRoyle1,"Come and say hello, we‚Äôll be on stand G12 #solar #storage https://t.co/fYwZN3Sm3l",Twitter for iPhone
2018-10-09 08:14:29,YeeYeeSan3,@NJlVZyOEvNt8T5H @sukkie_eel @chrischanjks @q8CpoGqvB61Kvcz @liels2000 @Z1jm2ENf6P5ZW0f @MarchRios3 @RosilloTorija‚Ä¶ https://t.co/bzHzpJPGyZ,Twitter for Android
2018-10-09 08:14:27,GauciAntonia,@copsclaire hello- I was at school with Christine- do you see people anywhere to help with weight loss pls? Thanks,Twitter for iPhone
2018-10-09 08:14:19,ilsansqueen_,"@RX931 @itsmejayseee @lexyangeles @issapandas Hello, guys! I am voting and  requesting for IDOL by @BTS_twt ft nick‚Ä¶ https://t.co/IzvINEx2QJ",Twitter for Android
2018-10-09 08:14:19,Jilliemary,@yamadog91 Hello. ‚ò∫,Twitter Lite
2018-10-09 08:14:18,nurse_topher,Hello hennies. I'm live hennies. https://t.co/h0rfcwL09b,Twitter Web Client
2018-10-09 08:14:18,TheComicBot,"Hello Bone-Puppet, it is Comic-Bot: Reminder module V2.0. What #comic are you reading today?","Cheap Bots, Done Quick!"
2018-10-09 08:14:15,dayanarawr,Hotelier again hello busy sched!! üòä,Twitter for iPhone
2018-10-09 08:14:13,MIKEBLOODSTAR,@DarrenUnknown hello Belieber,Twitter for Android
2018-10-09 08:14:13,CRTContactUs,"@BedwynFootpaths Hello, you can contact the team on either 03030 404040 or email them on enquiries.kennetavon@canalrivertrust.org.uk -Amy",Hootsuite Inc.
2018-10-09 08:14:12,leahsophier9,@Danielaycock hello,Twitter for iPhone
2018-10-09 08:14:12,_chaoyue,"Hello, good aftie neru-san https://t.co/C6IhiwBfLu",Twitter for Android
2018-10-09 08:14:11,thedanielleism,Hello @sittiadelene üòÇüòòüëä https://t.co/3JoEkfwWWQ,Instagram
2018-10-09 08:14:11,KtWhitewrites,Hello Cardiff my old friend...time for @irisprize again...#iris18 https://t.co/7dxsTJtzQH,Twitter for iPhone
2018-10-09 08:14:11,TelkomCare_Ke,"@jerk_richie Hello Richard, This is unfortunate. Kindly share the affected Telkom number and transaction code via D.M for us to assist.^eJM",Twitter Web Client
2018-10-09 08:14:09,maydaytrashh,"crushie was about to take a bite from his burger, coffe on the other hand,  watching something on his macbook when‚Ä¶ https://t.co/D6Db0yhiXq",Twitter for iPhone
2018-10-09 08:14:05,dcole03,Someone come tuck me in. ¬øHello? ¬øMom? https://t.co/59zO97TxnN,Twitter for iPhone
2018-10-09 08:14:05,Mefika1,Hello there @HiltonSandton I'm trying make a booking with you and your phone lines don't seem to be clear. And when‚Ä¶ https://t.co/ZVffvpSkap,Twitter for Android
2018-10-09 08:14:03,gwangjusbabe,"@RX931 @itsmejayseee @lexyangeles @issapandas Hello, guys! I am voting and  requesting for IDOL by @BTS_twt ft nick‚Ä¶ https://t.co/5NVWIskRMb",Twitter for Android
2018-10-09 08:13:59,r_osiepark,"Hello, cutie. https://t.co/Tb7skdNsZo",Twitter for Android
2018-10-09 08:13:58,MAYAR_KRATU,Hello ‚ù§ #ComebackSoonKratika https://t.co/I4qaQUXuZi,Twitter for Android
2018-10-09 08:13:58,kcmsohee,"@actorkmjisoo hello oppa ^^ 
nice to know youuu",Twitter Web Client
2018-10-09 08:13:57,AskPS_UK,"@russfor1983 Hello! Sorry to hear that, please check the help page section ""Has My account been compromised?"" for w‚Ä¶ https://t.co/dYLEHKn7IS",Oracle Engage
2018-10-09 08:13:56,BestNess_,@fallnaway @CharlieCereza Hello,Twitter for iPhone
2018-10-09 08:13:54,hanyjh1004,Hello.,Twitter for iPhone
2018-10-09 08:13:53,taegukcafes,hello,Twitter for Android
2018-10-09 08:13:53,ILSANSBRIDE,"@RX931 @itsmejayseee @lexyangeles @issapandas Hello, guys! I am voting and  requesting for IDOL by @BTS_twt ft nick‚Ä¶ https://t.co/ubdEkCr93z",Twitter for Android
2018-10-09 08:13:51,buckscc,"@SouthBucksDC @harrycrac Hello Harry, @aylesburyvale may have an equivalent in your area. Alternatively, the Local‚Ä¶ https://t.co/ImngUxwxNL",Twitter Web Client
2018-10-09 08:13:47,Sxzma,ITS KAZUNE HELLO STILL CLOSE ENOUGH TO HIS NAME,Twitter for Android
2018-10-09 08:13:46,JJKletsgetit,"@RX931 @itsmejayseee @lexyangeles @issapandas Hello, guys! I am voting and  requesting for IDOL by @BTS_twt ft nick‚Ä¶ https://t.co/K99wQ4Bsrc",Twitter for Android
2018-10-09 08:13:46,myjenz,@YaaSkyn hello Twitter says I know you. So am following u.,Twitter for Android
2018-10-09 08:13:46,naiiveworth,"Michelle do own a LOT of stuff toys.

She's eighteen and old enough to make clockwork rabbits and birds move but st‚Ä¶ https://t.co/c1B5zl03l1",Twitter Web Client
2018-10-09 08:13:45,cazmadge,"@charliesimmondz @mikejhemsley @devilmatt Hello old people, it‚Äôs a big brother type show where people only communic‚Ä¶ https://t.co/lC3thUBiJx",Twitter for iPhone
2018-10-09 08:13:45,AntonioCatalin8,@therealvstar hello,Twitter for Android
2018-10-09 08:13:44,ExpertShrink,@sarauniya92 Hello and thanks for the follow. I'm doing a bit of research .....what helps when you're feeling stres‚Ä¶ https://t.co/C7iDwxTsUn,SocialBee.io
2018-10-09 08:13:44,BabuLal23389643,@FeminaIndia Hello,Twitter for Android
2018-10-09 08:13:43,KoganPage,Final preparations are underway for Frankfurt Book Fair. If you're here make sure to come and say hello to the team‚Ä¶ https://t.co/m6sWjlsDPm,Hootsuite Inc.
2018-10-09 08:13:43,EdChapmanMosaic,"@jonsbaird Hello Jon, very much looking forward to seeing Stan &amp; Ollie. I wonder if you'd like the two large mosaic‚Ä¶ https://t.co/xjRAT6fJEP",Twitter Web Client
2018-10-09 08:13:42,Msagir18,@kashish36849074 @SaraAhm60846360 Hello,Twitter for Android
2018-10-09 08:13:40,comms301791,"üòãüëãHELLO...... I am a uni student. 
This is what happens in my day. 
At 10am I am - üèÄ
At 12pm I am - üìπ
At 2pm - üçï
At‚Ä¶ https://t.co/VOtkAiAW4y","Cheap Bots, Done Quick!"
2018-10-09 08:13:40,NanaMadeonus,"Hello!

Messrs S.L. Leong, Kartina &amp; Partners (PJ Branch) is looking for a Conveyancing Lawyer &amp; Conveyancing Clerk‚Ä¶ https://t.co/TE7azdbg6m",Twitter for iPhone
2018-10-09 08:13:39,JHSW0RLD,"@RX931 @itsmejayseee @lexyangeles @issapandas Hello, guys! I am voting and  requesting for IDOL by @BTS_twt ft nick‚Ä¶ https://t.co/PxNANdLqgZ",Twitter for Android
2018-10-09 08:13:37,HexinFashion,Hello,Twitter Web Client
2018-10-09 08:13:37,tweetbo09504711,"Well hello there, I'm kanyebot! a robot that tweets that informs you of interesting lyrics from Kanye songs:  'You‚Ä¶ https://t.co/vpf7CeN0NX","Cheap Bots, Done Quick!"
2018-10-09 08:13:35,MissNieve,Hello ansiedad my old friend,Twitter for Android
2018-10-09 08:13:32,marsfyi,"hello i am in Depression Pit, can any1 come do all my homework 4 me pls &amp; thank you",Twitter for iPhone
2018-10-09 08:13:30,crisst161,@gillardtrinaaaa Hello,Twitter for Android
2018-10-09 08:13:29,brewery_info,"Hello All,

Pre-Xmas Sale now on!  

Up to 12% off!

Sale ends... when we actually have enough room for our upcomin‚Ä¶ https://t.co/9v0XgTREBX",Twitter for Android
2018-10-09 08:13:28,secuvette,Hello death https://t.co/InjR5flS2J,Twitter for Android
2018-10-09 08:13:24,AramexHelp,"@sumit_right Hello Sumit, we're checking with our team to get you contacted on this. Thanks.",CX Social
2018-10-09 08:13:24,jypeminho,"@YIREONNlE Hello! So, what do I call you? Yiyi?",Twitter for Android
2018-10-09 08:13:23,mjbutler1987,"Goodbye cars, hello colour: the great reinvention of city intersections. Be great to get some of this colour brough‚Ä¶ https://t.co/FDBfvnbxrZ",Twitter for Android
2018-10-09 08:13:21,jan14_94,@lilxswetie Done. Hello lil,Twitter for Android
2018-10-09 08:13:21,uncontinuity,"@fvrxani hello, hello!!! casual talks and plotting would be lovely hehe. i‚Äôm jiro! !",Twitter for iPhone
2018-10-09 08:13:20,haoceans,hello hoes im alive,Twitter for iPhone
2018-10-09 08:13:19,SlowhandsNo1,@RX931 @itsmejayseee @lexyangeles @issapandas Hello üòú iVoting and requesting for Finally Free by @NiallOfficial‚Ä¶ https://t.co/PYx25pPDw3,Twitter for Android
2018-10-09 08:13:18,StevenB47579319,@SissyAri1 hello beautiful,Twitter for Android
2018-10-09 08:13:17,LanloydM,Hello twitter world ü§ó,Twitter for Android
2018-10-09 08:13:13,0KKULTiC,@akanemnida hello it is me dr. cici okkultic yes that is my real name yes i am a dcotoro no i canNot show mey licen‚Ä¶ https://t.co/R9rcuwLeRU,Twitter Web Client
2018-10-09 08:13:12,cutephantom,Hello World,Twitter Web Client
2018-10-09 08:13:12,fbestera,Hello out there!: b71cef93-a90e-40de-9ad9-de831de44a72,pgmobile
2018-10-09 08:13:12,ntelcare,"@Abayomi__4 @CPCNig @NgComCommission @ntelng Hello @Abayomi__4, apologies for the delayed response. Please check DM‚Ä¶ https://t.co/mPJRbYle0y",TweetDeck
2018-10-09 08:13:11,Taniasa28224566,Hello https://t.co/0vyfTQsR7H,Twitter for Android
2018-10-09 08:13:09,SydneyAffairs,"Hello friends, Discover Luna Park Sydney! More photos at https://t.co/EH3hqYkzJX  Please RT! #travel #Sydney‚Ä¶ https://t.co/4SULWh4BvP",Hootsuite Inc.
2018-10-09 08:13:09,burnolwalli,"@khushsundar Hello @khushsundar are u there? 
Are u on Mars or flat earth? 

Chirag aur Feroz khan ka ss bata do, waiting!!",Twitter for Android
2018-10-09 08:13:08,CrimsonH34RT,@Adam_LZ Hello darkness my old friend,Twitter for Android
2018-10-09 08:13:07,stanexonct,hELLO JGH https://t.co/UFY7yHtgwl,Twitter for iPhone
2018-10-09 08:13:06,NoShitcoin,"@VentureCoinist @CoinistBot Hello! I want to share a review to youüßê
https://t.co/vVLRP0W8IX",Twitter Web Client
2018-10-09 08:13:06,HFGroupCare,@jwkahinga Hello @jwkahinga kindly DM us the screenshot for the error.^NM,Twitter for Android
2018-10-09 08:13:05,hjarrasyqin5,Hello peepsüòè https://t.co/um78mho0kV,Twitter for Android
2018-10-09 08:13:05,ZeXtras,"@martinwiertz @FazChoky25 Hello Martin! The Zextras Migration Tool is not available for your Zimbra version, I stro‚Ä¶ https://t.co/SvmoP5fyWX",Hootsuite Inc.
2018-10-09 08:13:03,lzrbyy,Hiiiiii :&gt;&gt;&gt;&gt; ‚Äî Hello :)) https://t.co/zKlmwbWe6o,Curious Cat
2018-10-09 08:13:03,_chaoyue,Hello ! ! Good aftie neechan https://t.co/kYDo7UJwYY,Twitter for Android
2018-10-09 08:13:02,JoboyGamotia,"@mellow947 @DJChris947 @Jhodesaga Good afternoon and hello, Chris and Jho
I am Juan Miguel from Las Pi√±as
Kindly pl‚Ä¶ https://t.co/cp11F8CaNn",Twitter for iPad
2018-10-09 08:13:00,iPradeepYogi,"Hello guys.
Check out this one.
It's amazing.
Record breaking.
This making truly proves how hard they all worked du‚Ä¶ https://t.co/l1xE9kDCTw",Twitter for Android
2018-10-09 08:12:56,ikuro_en,Hello? Is anyone around?,twittbot.net
2018-10-09 08:12:55,EuijinBigfloUNB,"&lt;Fan Report!‚¨áÔ∏è&gt;

[#BIGFLO JAPAN New Fan Club Establishment Commemoration Talk Show] 10/6/18

‚ÄúHelloüòÑ I went to Talk‚Ä¶ https://t.co/4DDkfCgMeG",Twitter for iPad
2018-10-09 08:12:54,kiddoyeom,@holliey608 hello good aftie from meee,Twitter for Android
2018-10-09 08:12:50,Pakistanfilms1,@BeckyLynchWWE Hello &amp; How are you today? I'm eating custard-cake vimto water drink we'll love Evolution poster for‚Ä¶ https://t.co/HlcEwWz9pC,Twitter Web Client
2018-10-09 08:12:48,manuelamariazbb,@karenjane16ka @mariab64 @Wildflower80s @Ditricha @IngaSubac @teeni67 @monikaug22 @CenicolaSilvia @mura_morena‚Ä¶ https://t.co/TEbadbJyBh,Twitter for Android
2018-10-09 08:12:47,yixingthesheep,"@vv_sehn Hello nicole, i rlly love your dp!!!!",Twitter for Android
2018-10-09 08:12:45,MissNikkiRice,"11 Miles. 57 minutes and counting.

Hello London. I‚Äôve not missed you. üòò",Twitter for iPhone
2018-10-09 08:12:44,ExpertShrink,@jambon75 Hello and thanks for the follow. I'm doing a bit of research .....have you ever struggled with anxiety? https://t.co/okbbUmyd5C,SocialBee.io
2018-10-09 08:12:40,AntonioCatalin8,@jonty_andrews hello,Twitter for Android
2018-10-09 08:12:37,FiggysWorld,Met a hoodie today. I said hello. He said Something that sounded foreign to me!  I think I'm in love. #holidayromance,Twitter for iPad
2018-10-09 08:12:37,chmdu94,@pankajchaddah @deepigoyal  hello sir. i tweeted to you two weeks back regarding my issue. why the hell r u not bot‚Ä¶ https://t.co/HTs7ypCOEk,Twitter Web Client
2018-10-09 08:12:36,siyulgik,Hello!‚õÖ https://t.co/x71PVrEKDG,Twitter for Android
2018-10-09 08:12:33,J_Khcn,@rsquareepi Hello radius! welcome and I hope you enjoy your time here.,Twitter Lite
2018-10-09 08:12:29,mosix_music,@mixcraft Hello Mixcraft. Do you know how we can transposate the pitch a audio sample on a piano roll (like for VST‚Ä¶ https://t.co/qLoApOGzXI,Twitter Web Client
2018-10-09 08:12:23,fezprec,Hello Choose Dayüòçü•∞üòç https://t.co/E7JaZyaGvI,Twitter Web Client
2018-10-09 08:12:23,iPradeepYogi,"Hello guys.
Check out this.
I heard something so wonderful about the trailer! Will surely catch this one.‚Ä¶ https://t.co/g3NRZKbYWN",Twitter for Android
2018-10-09 08:12:20,clone1z3,@ChieFilomeno hello,Twitter for Android
2018-10-09 08:12:16,FaunaFloraInt,@12HIGHagency Hello! I think you meant to tag @floraandfaunaau not us :),Hootsuite Inc.
2018-10-09 08:12:15,Safaricom_Care,"@NicNakNoe Hello Nicola, your report has been received. We will investigate further on the number. In future forwar‚Ä¶ https://t.co/YWnufShZFF",Genesys Social Engagement.
2018-10-09 08:12:15,MYGSAVEME,@qtchimchimi uwuu hello your username is too cute for me to handle üò©üò©üíúüíú,Twitter for Android
2018-10-09 08:12:15,chmdu94,@deepigoyal  hello sir. i tweeted to you two weeks back regarding my issue. why the hell r u not bothered about my‚Ä¶ https://t.co/0D07BNRfF5,Twitter Web Client
2018-10-09 08:12:13,jackiesennett,From someone working in higher ed... #YIKES; Confidence in #highereducation continues its decline according to Gall‚Ä¶ https://t.co/SxcySILoJf,Twitter Web Client
2018-10-09 08:12:13,shop4nl,"@Cherishe_77 Hello there, thank you for contacting us, Could you please send me your order number and email address‚Ä¶ https://t.co/b1GKVu0rEb",TweetDeck
2018-10-09 08:12:12,laurenellie281,Hello everyone! https://t.co/tneyukyN8k,Twitter Web Client
2018-10-09 08:12:09,fayebot_en,"Oh, hello there! Are you Bepsi? Guess who sent me? It was a friend!",twittbot.net
2018-10-09 08:12:08,TheOzzyTex,going live with some PUBG then will swap it up later to some Rainbow 6 https://t.co/vdVRPsCTtW come say hello ^_^,Twitter Web Client
2018-10-09 08:12:08,KuyuhK,Hello guys!! Rendez vous tomoro at 100 PAPIER snack Bonamoussadi Douala and watch Kuyuh k perform live..Come one co‚Ä¶ https://t.co/D7znTth7yv,Facebook
2018-10-09 08:12:06,JoshuaJoe95,"@Bhargav178 @Suryateja_23 @Prasanthi1284 @KYADHAV20 @ysjagan @ncbn Hello my dear v brother, Just look at tweet I ju‚Ä¶ https://t.co/y36eEvXyvq",Twitter for Android
2018-10-09 08:12:06,lalala_lindsey_,"High school: college is intense and professors aren‚Äôt going to wait for you. I‚Äôm preparing you for the future 

Col‚Ä¶ https://t.co/JihTZ3gJo7",Twitter for iPhone
2018-10-09 08:12:03,J_Khcn,"@lxvnder_ @JRxmscy @softbhaby @cudllefreak @eyesmilingyou Hello luana,and welcome here! I hope you'll give me a hand when I'm sick tho haha",Twitter Lite
2018-10-09 08:12:01,FendiZainal,Say hello! #fziqi #fzpropertyinvestment #kllifestyleliving https://t.co/CptX3tOyeh,Instagram
2018-10-09 08:12:00,babeinbiology,"@risharmz Yes, hi, hello",Twitter for Android
2018-10-09 08:11:58,aamirsh14851804,@10DowningStreet hello how are you have a nice day,Twitter Web Client
2018-10-09 08:11:56,northernassist,"@Catherine_Cragg Hello Catherine, sadly we can only run services with the carriages available to us. We are working‚Ä¶ https://t.co/3CQpIbnWG8",Conversocial
2018-10-09 08:11:56,ambys_twt,"‚õ±üèü‚õ±üèü‚õ±üèü‚õ±üèü

@BTS_twt HELLO

PLEASE COLLAB WITH
@PrinceRoyce 

#AIRPLANE_PT2_REMIX

x1003

‚õ±üèü‚õ±üèü‚õ±üèü‚õ±üèü",Twitter for iPhone
2018-10-09 08:11:53,generalhux_bot,"-Hello? Yes, I'm only checking hand luggage, that's it.

I repeat, I am remaining here and you should all do likewise!",General Hux Bot
2018-10-09 08:11:53,sadeghalavi12,"@MGongadze.Hello.Good morning ÿåNice to meet you.I saw your destiny from profile, very sorry
I hope you have patienc‚Ä¶ https://t.co/ae7T2qn59D",Twitter Web Client
2018-10-09 08:11:52,ManyFacedBot,"Hello, world!",ManyFacedBot
2018-10-09 08:11:51,HatingOnGodot,@bigparmesan Yes hello speaking,Twitter for Android
2018-10-09 08:11:49,Hello_Nack,answer to life the universe and everything = 42,twittbot.net
2018-10-09 08:11:49,PressReaderCare,@AllyBee76501790 Hello Alison! We are sorry about the problem. Could you please try to use a different browser to a‚Ä¶ https://t.co/JrSM5dXSqd,Hootsuite Inc.
2018-10-09 08:11:45,julieedanh,umm ??? hello ???,Twitter for iPhone
2018-10-09 08:11:43,Stubbscribe,I got food poisoning üôÉ hello toilet my old friend,Twitter for Android
2018-10-09 08:11:43,Clementitss,Hantod hello ra,Twitter Lite
2018-10-09 08:11:42,imKathPascua,"@gREEMreaper01 Congrats, Kuya Reem! Hello next sem na this üòä",Twitter for Android
2018-10-09 08:11:41,lvictoriaserena,"Hello, kindly contact our Golf Manager - Shabiba on +256 755 705 200. She will be happy to advise you on the member‚Ä¶ https://t.co/0j8tZGhOVO",Twitter for iPhone
2018-10-09 08:11:39,gelaaatiiineee_,Hello letter C. üôÉüôÉüôÉ https://t.co/PP6lABcIlT,Twitter for iPhone
2018-10-09 08:11:39,iStagnate,"hello my friends, I am still grinding, so be sure to come by if youre up :D https://t.co/WMVtZIVIdD",Twitter Web Client
2018-10-09 08:11:35,FirstWyvern,"@gotaholepunch Hello Laura, glad the service arrived. We apologise for the service delay. Have a great day! :) - Doret",Hootsuite Inc.
2018-10-09 08:11:34,overzines,"Hello, I am the mod in charge of mailing and paypal, here with a little update! I sent all required files... https://t.co/WzKHA8NXpN",Tumblr
2018-10-09 08:11:33,JaynalA32257558,@Mahibul69171234 Hello my dear younger bro,Twitter Lite
2018-10-09 08:11:32,seulgram,(üçç) Happiness! Hello this is Kang Seulgi speaking! I am not good at greeting new people but lemme treat you with sw‚Ä¶ https://t.co/T3NQczmDr5,Twitter for Android
2018-10-09 08:11:29,patrilg8,Hello https://t.co/pxvLVOG7iL,Twitter for Android
2018-10-09 08:11:29,marostaa,"@AirAsiaSupport hello, is there any way to change my flight time without charging fees? I selected the wrong hour o‚Ä¶ https://t.co/JvTfuG9WeQ",Twitter for iPhone
2018-10-09 08:11:28,bewilderbrooke,"Hello my dumb ass fell asleep while halfway on my bed and now it's 4am and I'm awake. 

Wonderful",Twitter for Android
2018-10-09 08:11:27,StrigareCaptat,@Y0GASAJI || hello yes this is a mood,Twitter for Android
2018-10-09 08:11:24,fredrickngela7,"@KeEquityBank .hello  I'm trying to  open m-banking using the Eazzy banking app. But its not  working, it's saying‚Ä¶ https://t.co/SGRxLUT1oV",Twitter Lite
2018-10-09 08:11:24,SEONAHxHCKD,@JENNIExHCKD hello ney,Twitter for Android
2018-10-09 08:11:23,pinkeubada,@HOGWARTSxMORE hello ! Is Irene still available?,Twitter for Android
2018-10-09 08:11:22,Shavazk77598860,@rain_bug hii hello,Twitter for Android
2018-10-09 08:11:22,J_Khcn,@proseanie Hello rose! Nice to meet you,Twitter Lite
2018-10-09 08:11:22,chuIlips,andie i can‚Äôt sleep but i love you the MOST ‚Äî hello ur on anon but please know that i love u too!!!! stream otra ve‚Ä¶ https://t.co/4XRcZtZRj0,Curious Cat
2018-10-09 08:11:21,NiallFinallyFre,Hello @RX931 I vote and request for 'Finally Free' by @NiallOfficial #TDSTop5 #IAmAMonster #TDS931 üòö,Twitter for Android
2018-10-09 08:11:20,GalangFaye_,Hello 12 hrs worth of exam üò±,Twitter for Android
2018-10-09 08:11:20,KapilSharma50,Cutting edge tech from @Shell_India for the best biking experience. Say hello to the new Shell Advance AX7. This is‚Ä¶ https://t.co/w1hyYrx5CB,Talon Android
2018-10-09 08:11:19,JLikhala,"hello any diamond and silver jewelry requirement please contact us
this is my website - https://t.co/adFBtYAHZA",Twitter Web Client
2018-10-09 08:11:19,douglas94515822,@sanchezpaola27 hello pretty,Twitter Web Client
2018-10-09 08:11:19,kissybibby,hi there bby x ‚Äî hello loveee i feel like i know who this is haha love you xxx https://t.co/pRXx7LBXme,Curious Cat
2018-10-09 08:11:19,glezdonuts,Hi hello,Twitter for Android
2018-10-09 08:11:18,SweatDoggGaming,"Old PC monitor sold üëç

Hello call of duty: black ops 4 

üòäüòäüòäüòäüòä

Hopefully be playing it Friday on the Xbox if anyon‚Ä¶ https://t.co/WiqgDzotin",Twitter for iPhone
2018-10-09 08:11:17,luci_sa_,"Hello Steven , have a great day  üòò
https://t.co/KtgY6C3gKv https://t.co/MY2YvF7CC4",Twitter Web Client
2018-10-09 08:11:16,DinkydiDipstick,"MY PRINCESS‚ù£
first of all REALLY miss calling you that 
and i miss our convos about @5SOS and üßÄ...cupcake says hell‚Ä¶ https://t.co/YTtphuuxda",Twitter Lite
2018-10-09 08:11:13,0hTomm,@vBowy @Game_2_Gamers @shaygbc Hello,Twitter for Android
2018-10-09 08:11:12,HamzaaRizwan11,Hello @Asad_Umar how you doing?? üòÇüòÇüòÇ https://t.co/xfDzWNKKew,Twitter for iPhone
2018-10-09 08:11:10,LEEPK8,"@KenyaPower_Care Hello, kindly advise on erroneous billing. Our metre number is 46015590. The other day we had a ne‚Ä¶ https://t.co/7tdRkP1lxr",Twitter for Android
2018-10-09 08:11:08,Jakaruoth1,"Hello @HELBpage ,kindly confirm my loan disbursement 33042708",Twitter for Android
2018-10-09 08:11:05,TelkomKenya,"@Siji__ @Gichy_ Hello Siji, we can confirm that the 10GB monthly bundle @ sh 999 is available for purchase. ^eWK",Twitter Web Client
2018-10-09 08:11:05,hello_monaco,AS Monaco lost to Stade Rennais 1-2 on the 9th day of French Ligue 1 - https://t.co/B3Lv9ZozNK,HelloMonako
2018-10-09 08:11:05,hellofarmhouse,Our favorite navy paint color &amp; some inspiration  https://t.co/62LYOiUrTs,Tweet Old Post
2018-10-09 08:11:04,itsFIQUE,Hello im watching ASIB today and I'm looking forward.,Twitter for iPhone
2018-10-09 08:11:03,suspaharu,"@SportsDirect_CS  hello guys, I made a order, parcel is stuck with the delivery company from Friday, called them co‚Ä¶ https://t.co/rCC4QKt9Vy",Twitter for Android
2018-10-09 08:11:02,LoserBeginnerYK,"Hello, SURABAYA dapetin produk original Loserkids BGNR hanya WOODLAND Store (Inside Royal Plaza Surabaya) Happy Shopping guys :)",twittbot.net
2018-10-09 08:11:01,MyFCMB,@Dchargernaso Hello. Kindly send us a DM so we can further assist you üòä,Twitter for Android
2018-10-09 08:10:59,m_meringue,Petunia the big pink pig is loving the sunny start to the day! Come and have a wander up town and say hello! üêΩ‚Ä¶ https://t.co/yYv5hyRR3E,Twitter for iPhone
2018-10-09 08:10:58,RiyaSumani,Hello Shraddha I am your biggest fan toh plz massage me,Twitter for Android
2018-10-09 08:10:58,_Alaixxx,hello self üòÇüòÇüòÇ https://t.co/mPur4v3beR,Twitter for Android
2018-10-09 08:10:56,shareef16375468,Hello guys this our politics this year who go win this president of nigeria atiku or buhari?? https://t.co/dvEynBx4ee,Twitter for Android
2018-10-09 08:10:55,shop4nl,"@WhySoSeri0usXxX @Friday13thGame Hello there, thank you for contacting us. The DLC code should be inside the disc as a leaflet. Argy :)",TweetDeck
2018-10-09 08:10:55,McYinklestein,Hello day 3 if not eating,Twitter for iPhone
2018-10-09 08:10:51,LadyLaLa_121,@thehornywife2 Hello My lady.. how's the holibubbles?,Twitter for Android
2018-10-09 08:10:50,northernassist,"@Loftybloke Hello Scott, I am very sorry that this change has not been announced at your station and will pass on y‚Ä¶ https://t.co/Ku8vgQ45sf",Conversocial
2018-10-09 08:10:50,iPradeepYogi,"Hello guys.
Do you now?
Here is a big product for your bike. 
Now everybody can Enjoy bike riding with no barrier i‚Ä¶ https://t.co/Z8J2EtL02D",Twitter for Android
2018-10-09 08:10:50,VirenderSehweg,This is the oil that leading MotoGP bikers like @petrux9 use for the most powerful rides #OutrideAnything with Shel‚Ä¶ https://t.co/oi46Nvlex1,Talon Android
2018-10-09 08:10:45,lencysitaaa,hello my life üòÇ https://t.co/UoDCvV4PyA,Twitter for iPhone
2018-10-09 08:10:44,nsteinmetz,"@turtlapp Hello, still using the lisp based version (master from turtl/api) and master from turtl/js for my hosted‚Ä¶ https://t.co/SE6j3bIrkc",Twitter Web Client
2018-10-09 08:10:44,daniel_mdm,hello from the other siiiiiiiiiiide,Twitter for Android
2018-10-09 08:10:43,sotontimebanks,"Would you like to find out about Southampton Timebank or our Health Buddies scheme? Gwyneth, one of our brokers, is‚Ä¶ https://t.co/8OvuQ4jicx",Facebook
2018-10-09 08:10:43,bonattokki,"@ludarIing hello, smurfette. my mom is aphrodite and i like her because.. she‚Äôs so optimistic about love. i guess? üßê",Twitter for iPhone
2018-10-09 08:10:42,mona1961talks,@prernabindra @calamur My sympathies are with you and I am horrified you were subjected to such behaviour. But you‚Ä¶ https://t.co/BNxhQlimRf,Twitter for iPhone
2018-10-09 08:10:42,JeeLee06767883,"@HeidiSamIAm Hello Heidi, I want to say thank you for writing a great article about the real meaning of Love Yourse‚Ä¶ https://t.co/aINJKxJJCh",Twitter for iPhone
2018-10-09 08:10:39,chantellebay1,"#LYTourAZ 
Hello BTS it would a miracle if you came to Arizona because they are so many armies here and we will rea‚Ä¶ https://t.co/0amjPxum8u",Twitter Lite
2018-10-09 08:10:39,psyhrg,"@hrgeunwoo hello, is this where i can get free hugs?",Twitter for Android
2018-10-09 08:10:38,RailsJobHub,"Ruby on Rails Dev for reporting platform:  Hello,we are currently developing a reporting platform using Rub... https://t.co/GA2C3tY6Oq",Rail Job Hub
2018-10-09 08:10:35,RawoulSanchez,"@Eusebius Hello Kieno K.

Hopefully you could get the answer for this. 

Why doesn‚Äôt the police use the Home Affair‚Ä¶ https://t.co/ZydD3fqEOf",Twitter for iPhone
2018-10-09 08:10:35,lamanoth,hello!,Twitter for Android
2018-10-09 08:10:34,immy999x,Hello &amp; Good morning everyone. Have a great day y‚Äôall üåû‚òÄÔ∏è https://t.co/MugrDkZ3Yo,Twitter for iPhone
2018-10-09 08:10:33,hassansadeghy,"@naf1997 @Th3Dutches5    love  love  hi hi  hello  please are you okay  why you are 
sad  dont  worry  relax  ,  and  give me one
kiss pleas",Twitter for Android
2018-10-09 08:10:32,KongKongdike,"@adoorkp Hello, Dear Yassir: Do you need egg tray machines made in China? Please write to acorn@acornchina.cn to te‚Ä¶ https://t.co/Hxeozv0uSZ",Twitter Web Client
2018-10-09 08:10:31,ryeongrv,HELLO MY SINGLE CELLED BRAIN THOUGHT THERE'S A WHOLE PERSON NAMED CHAERRY PARDON ME https://t.co/t3num24mxj,Twitter Web Client
2018-10-09 08:10:31,jamiefry007,@AllOfURSumOfMe hello,Twitter Web Client
2018-10-09 08:10:25,alfahadf10,HELLO EVERYONE LONG TIME NO SEE HOW YOU ALL DOING HOPED YOU ALL TOOK MY WARNING LAST WEEK SERIOUSLY AND STAY AWAY F‚Ä¶ https://t.co/g7KNnhQhNh,Twitter for iPhone
2018-10-09 08:10:22,Shapattan,I liked a @YouTube video https://t.co/uVQBKgQoeI Hello Everyone,Google
2018-10-09 08:10:21,ruthwignall,@DianeJaneBanks2 @melindatamplin Hello sunshine!! Hope you have a fabulous day... love xxx,Twitter for iPhone
2018-10-09 08:10:21,shashidhar07,"@KTRTRS hello sir, we stay near Geetha homes Beeramguda . We are  a colony of 36 independent houses . we initial we‚Ä¶ https://t.co/DTYdaSEqoK",Twitter for iPhone
2018-10-09 08:10:20,manicpixihijabi,Also hello I survived last night‚Äôs test,Twitter for iPhone
2018-10-09 08:10:19,won1594,@c_wh301 hello! i can‚Äôt seem to dm you but what‚Äôs your mode of payment? thank you!,Twitter for iPhone
2018-10-09 08:10:18,QueenSallyb,Hello @dominosng how do you expect me to start my day with one of your pizza combos when I'm yet to start my day wi‚Ä¶ https://t.co/HvWGdOE4qt,Twitter for iPhone
2018-10-09 08:10:18,RajeshK27681080,@Nitaanty8855 hello my first,Twitter for Android
2018-10-09 08:10:17,CutePetsRvrside,"Hello! I am a male, black and white Spaniel and Chihuahua - Smooth Coate‚Ä¶ https://t.co/2hvpfCnh8A https://t.co/KsFnbImFpW",CutePetsRiverside
2018-10-09 08:10:16,VAN_DealFinder,2 for 1 E juice and free shipping with orders of $50 or more. Its our way of selling hello to our future customers.‚Ä¶ https://t.co/tOW8JCZihe,FollowRocket Lead Generator
2018-10-09 08:10:15,AllironedOut,"Hello @heartinternet, so your most senior engineers are working on your 'connectivity issues'. However, connectivit‚Ä¶ https://t.co/ZWDeRau8z0",Twitter Web Client
2018-10-09 08:10:14,ntelcare,"@follow4dculture @AkuwudikeOkech1 @haywaizeal @ntelng @CPCNig @NgComCommission Hello @follow4dculture, please be in‚Ä¶ https://t.co/8rH29M92yB",Twitter Web Client
2018-10-09 08:10:10,gaylyght,"@Jesse_Arreola Hello handsome, where do I buy those earrings? üòâ",Twitter for Android
2018-10-09 08:10:09,Twasfess,"*tws

Hello! Please drop a word in ENG/INA for me to make a one-liner starter for you. (F)rom: canon",T Menfess
2018-10-09 08:10:09,sowhattjin,"hello, where the fuck is chimberly",Twitter for iPhone
2018-10-09 08:10:07,nethuki02,@scarjeon Hello,Twitter Lite
2018-10-09 08:10:07,oshixunsh,Hello.,Twitter for Android
2018-10-09 08:10:04,VickyHu14,"@Bondara Hello Bondara,Nice to talk to you.
Vicky from China,Alibaba gold supplier of sex toys.
Will you have inter‚Ä¶ https://t.co/8dFdiw3mH8",Twitter Web Client
2018-10-09 08:10:03,JIHEONNlE,"@jypeminho Omona. Yes!! Hello, Lee Know Oppa!",Twitter for Android
2018-10-09 08:10:01,liuyangyxng,hello i miss yy,Twitter for Android
2018-10-09 08:09:54,LtdRhn,"Hello friends, please share the following and apply yourself if in need..... https://t.co/EiEFmoaj8a",Twitter Lite
2018-10-09 08:09:52,prettiveea,@ManLikeKingLeo Hello‚úåÔ∏è,Twitter for iPhone
2018-10-09 08:09:51,jamiefry007,"@doughaaland hello there, its nice to meet you",Twitter Web Client
2018-10-09 08:09:49,eunhvuks,@SJofficial hello i love you you‚Äôre the cutest,Twitter for iPhone
2018-10-09 08:09:46,forthaglory,@ManLikeKingLeo Hello,Twitter for Android
2018-10-09 08:09:43,RAC_Care,"@wallacehive Hello Claire, I can only apologise that you feel this way, have you contacted our Customer Care team a‚Ä¶ https://t.co/5iYJIMLyGb",Sprout Social
2018-10-09 08:09:43,HPSGlonk,@lsesu hello friends. On the Charlottesville rally-goer: You could push the university to explain why there was no‚Ä¶ https://t.co/qttbxiUE6T,Twitter Web Client
2018-10-09 08:09:42,Deenwebindia,"Hello,  We are looking for hashtag#Project Manager ,hashtag#Sr. PHP Developer, hashtag#Tester  Experience: 2 year -‚Ä¶ https://t.co/NwDPhsEfbY",Twitter Web Client
2018-10-09 08:09:36,Lararuscher1991,@iSwoonforJoon Hello my name is Kim Jung Min üòÇ,Twitter for Android
2018-10-09 08:09:36,ArtificialCC,@tilTruth Hello. I am a designer who has experience making graphics for Twitch and livestreams. You can check out m‚Ä¶ https://t.co/d0U06XmnSY,Twitter for Android
2018-10-09 08:09:35,r_suhorny,"@Almersyna Breathtaking. Gorgeous. Goddess. Believe me, I‚Äôm not being exaggerate but hello there Alayna. Is me, Seb‚Ä¶ https://t.co/2r222e1FYU",Twitter for iPhone
2018-10-09 08:09:33,EriLovEXO,@fenderbyun Hello! https://t.co/DIAYYMow34,Twitter Web Client
2018-10-09 08:09:24,Stelldelrey,"@mutilatedmomoko Hello dear! I‚Äôm sorry I couldn‚Äôt join you ladies. I had been busy with Sam and my little one, Mary‚Ä¶ https://t.co/dlUsgMlp5j",Twitter for iPhone
2018-10-09 08:09:23,niemamwacka,@coupdemain well hello! https://t.co/hqDUxXPy8L,Twitter for Android
2018-10-09 08:09:22,LiberalArtsNott,Hello Nottingham. Back from the field trip. This is the maze @chatsworth we successfully conquered. Thanks to‚Ä¶ https://t.co/ftkX3Rs5rV,Twitter Web Client
2018-10-09 08:09:20,JavTrack,"Hello everyone, We have arrived this morning to find that our hosting service has connection issues. This means the‚Ä¶ https://t.co/QaJRTNgYGu",Twitter Web Client
2018-10-09 08:09:19,maco08232027,"@KhdLuca Hello my friend üôå 

Japanese kannonüí°üçÉüëº https://t.co/wppvg7lnuz",Twitter for Android
2018-10-09 08:09:17,_SocialBuzz,"Hello Everyone!    
**Free to Try before U Buy!**
Part 1 &amp; 2 are Discounted for Everyone! #kindleunlimited
The Roma‚Ä¶ https://t.co/3TfSpkZXDW",The Social Jukebox
2018-10-09 08:09:16,Drommels_YT,What's your mother's maiden name? ‚Äî hello officer https://t.co/TbSX7sb7mj,Curious Cat
2018-10-09 08:09:15,HeartInternet,"@Rupert_Du_Maine Hello Rupert,

Our team is currently working on this situation and will have it fixed as quickly a‚Ä¶ https://t.co/ZBUuU7qODz",Sprout Social
2018-10-09 08:09:15,MitchManama,Hello world!,Twitter for iPhone
2018-10-09 08:09:13,sqasolar,"We are here at the 'Connecting for All - Digital Leaders' Conference 2018 today at Celtic Park - if you are here, c‚Ä¶ https://t.co/K0Ak5KLYCH",Twitter for Android
2018-10-09 08:09:13,DeliJoy14,@mirabel_lez Hello,Twitter for Android
2018-10-09 08:09:12,dezelak,"Hello EverybodyüòáRemember to
Be strong, sing a song &amp; everything's gonna be better
Be happy all day long &amp; write you‚Ä¶ https://t.co/gP1oPYtS8P",Twitter Web Client
2018-10-09 08:09:11,missxxmel,"hello guys, I'll upload a new video soon! (a simple &amp; cheap recipe video) check out my latest one: https://t.co/qiv0B8Ygpb #vegan",Twitter Web Client
2018-10-09 08:09:11,JlNDOLL,"hello, can i know what app did u use to make ur layouts? ‚Äî i don't use a lot, but i do add some things in to keep t‚Ä¶ https://t.co/nSOjEW37xG",Curious Cat
2018-10-09 08:09:09,xiurreal,Hello did Minseok breathe today,Twitter for iPhone
2018-10-09 08:09:09,GarmentGraphixs,"Hello Everyone, hope you are keeping well!
With winter well and truly upon us now is the time to get some winter ja‚Ä¶ https://t.co/LQjPHC3sVr",Twitter Web Client
2018-10-09 08:09:06,artqnet,"Hello https://t.co/2tA9COYVog hello, it's possible I may be sane, but this is a test-artwork like most of my recent ones.",artqtwitter
2018-10-09 08:09:06,kobinaocrangh,"Hello good morning to everyone
If you have products, services, music etc or anything you wish to promote online kin‚Ä¶ https://t.co/lrSFrmthuY",Twitter for Android
2018-10-09 08:09:06,canmali_can,"Hello mummy ü¶Å 

üì∏: @kidzan7 https://t.co/NGkn6nnSV6",Instagram
2018-10-09 08:09:05,youngjixxstella,oh hello mr officer lol https://t.co/LOFFfi1mrk,Twitter Web Client
2018-10-09 08:09:00,poppyscotland,Last day of @theSNP Conference today ‚Äì come and say hello to learn more about how we support #veterans and‚Ä¶ https://t.co/rFczUePCaU,TweetDeck
2018-10-09 08:08:58,ymspluto,hello today was the shittiest day at school my irrelevance jumped out but i need to stay happy for bts :),Twitter for iPhone
2018-10-09 08:08:58,gboyemiebeneze1,@fridiislovee hello,Twitter for Android
2018-10-09 08:08:57,Suff_highways,"@Trace_71xx @AnglianWater Hello Tracy, thank you for your tweet. @HighwaysEAST are you able to provide any further‚Ä¶ https://t.co/VGk6TLKVQK",Twitter Web Client
2018-10-09 08:08:57,SpuddyFerret,@PrequelMemesBot Hello there.,Twitter Web Client
2018-10-09 08:08:56,warwickingpen,@The_Trump_Train @realDonaldTrump üá∫üá∏HEY! -At Least Trump &amp; Kavanaugh &amp; Gowdyüí™... Are NOT‚Ä¶ https://t.co/OwkVPfyeZp,Twitter Web Client
2018-10-09 08:08:55,Sedweel,@clown_honks Hello! Have any more spots for the canine ych?,Twitter for Android
2018-10-09 08:08:53,FirstBankngr,"Hello @moneymimshach, apologies for the inconvenience. Your complaint has been channeled as appropriate. You would‚Ä¶ https://t.co/XQQK7W2ska",Hootsuite Inc.
2018-10-09 08:08:51,ahumadhuu,@PoliceMv Hello police im here .üòÇüòÇüòÇüòÇ,Twitter for iPhone
2018-10-09 08:08:51,lrblrbl,"@Deeyja Hello, follow me on twitter please!",Twitter Web Client
2018-10-09 08:08:49,Nilya20373539,"Hello @Tristan1986 I have a question. Will Tingana chase hosana just because he is scent marking now,  or he don't‚Ä¶ https://t.co/lxibAah8ll",Twitter for Android
2018-10-09 08:08:49,jamiefry007,@mysterfy hello there,Twitter Web Client
2018-10-09 08:08:49,turtilz,"hello person, how many times do you have to be told not to use the n word if you're not black? or variations of it either.",Twitter Web Client
2018-10-09 08:08:48,tomhu2018,Hello,Twitter for Android
2018-10-09 08:08:48,maisy_baby,@DBRacingUK @vfinch @furkyourwurk @NotEdelweiss Hello üòç,Twitter for iPhone
2018-10-09 08:08:47,fvrxanity,@purefervor Hello joe. It's a pretty nice name! And what does the name in your dn stands for? Is it your middle name?,Twitter for iPhone
2018-10-09 08:08:46,MaFi0z0o,Hello my friend https://t.co/5wVkcsEDZC,Twitter for iPhone
2018-10-09 08:08:46,IBMSocialBiz,"@GFI_KIAG @fritandr @real_mos Hello, yellow! #domino10 #domino2025",Twitter Web Client
2018-10-09 08:08:44,karthashok008,"@TheDeverakonda
HELLO ROWDY CM
I am based in Tokyo and would love to help you with the promotion of movies here. Af‚Ä¶ https://t.co/tmIK3B7VqH",Twitter for iPhone
2018-10-09 08:08:44,PlanetaTamara,Hello nottingham my old friend,Twitter for Android
2018-10-09 08:08:44,Medicine_Conf,@LegacyMedSearch Hello,Twitter Web Client
2018-10-09 08:08:44,LoveBusinessBuz,"Say hello to Mocha Marketing @Mocha_Marketing on Stand B7 at Love Business EXPO, Wednesday 27th February 2019 @ 9:3‚Ä¶ https://t.co/y97XEP5rkO",Twitter Web Client
2018-10-09 08:08:42,Prabhu_DS,"Hello God &amp; Salsa The Film, #Thanks for Connecting! Whats up!! https://t.co/E3ScWCsaZW",IFTTT
2018-10-09 08:08:42,biakjiheon,@ULTIMATERPE Hello sunbae!,Twitter for iPhone
2018-10-09 08:21:27,intograys,@foronlygrande hello thank you ily,Twitter for iPhone
2018-10-09 08:21:26,katipunanbreas,HELLO BREANAHS FOLLOWERS LIKE THIS UGLY SELFIE OF @hrmsqd TO PASS IN ALL SUBJECTS OF YOUR QA üëèüëèüëè https://t.co/VmNfJOSihP,Twitter for iPhone
2018-10-09 08:21:26,coollboss,@prettiveea @ManLikeKingLeo Hello üòâüòâüòâ,Twitter for Android
2018-10-09 08:21:24,classicalism,"Reclaim your weekends. Simplify your life. Say hello to One OS, One Click, Any Cloud from #Nutanix. https://t.co/a5GIY4kBqT",Influitive
2018-10-09 08:21:24,DadLando,"Ok, this is ridiculous, I'm nearly 70 and I feel like I did when my Dad took me to the 2nd day that Disneyland open‚Ä¶ https://t.co/iachGUKzHv",Twitter for Android
2018-10-09 08:21:21,seoksprotein,@OfficialMonstaX hello again,Twitter for iPhone
2018-10-09 08:21:20,Gabriel95694231,@amisha805 hello,Twitter Lite
2018-10-09 08:21:17,candidmistake,@LOUDRAPPER ‚ùù Hello there. ‚ùû,Twitter for Android
2018-10-09 08:21:14,blossomschae,@OfficialMonstaX hello kings,Twitter for iPhone
2018-10-09 08:21:12,Toniawi34971457,Hello https://t.co/eSrZIk8RQJ,Twitter for Android
2018-10-09 08:21:12,yluminary,"@boxkiri spiders, crawling outta my hair: hello poors",Twitter for iPhone
2018-10-09 08:21:12,saddama05402740,@shasya_lovesex hello,Twitter for Android
2018-10-09 08:21:11,shashank_shruti,"@narendramodi @VasundharaBJP Hello sir
We educated people just feeling that we r nothing without job...and now we f‚Ä¶ https://t.co/F0Pdx3khMu",Twitter Lite
2018-10-09 08:21:08,frr149,"Goodbye Toronto, hello Winnipeg: Are Canada‚Äôs young giving up big city dreams? https://t.co/3fy9z3iOTj https://t.co/XM1bwFfsON",dlvr.it
2018-10-09 08:21:05,MediaGuide_NG,Hello Beautiful ‚ù§‚ù§ - @littleleticiaperez #mediaguidestyle #cocacola #style #kids #styleinspiration‚Ä¶ https://t.co/aFeC7x7xG3,dlvr.it
2018-10-09 08:21:04,Bonfirecherry,The very first episode of the @Bonfirebanter #podcast that you can listen to via #TheGreatShows‚Ä¶ https://t.co/63H1R6HJdY,Twitter Web Client
2018-10-09 08:21:04,smashafrika,Hello https://t.co/hmoNBIXMt9,Twitter for iPhone
2018-10-09 08:21:04,RotaHub,"We will be exhibiting at the @HW_Chamber Business Expo on Thursday at the @3countiesshows, Malvern.

Who else is go‚Ä¶ https://t.co/0XhCmELnRQ",Buffer
2018-10-09 08:21:03,BunnySuicida,Hello world. https://t.co/GEYeHfAPTE,Twitter for Android
2018-10-09 08:21:02,scott_gallen66,@MichaelZullo5 @brandononeill94 Ps I hate talking to people on the phone too - I‚Äôll just say hello on Saturday:),Twitter for iPhone
2018-10-09 08:21:02,junkwater,"@QuizUp hello, i have a problem with a quiz i made and i can‚Äôt find any answer on the help page, could you help me please ?",Twitter for iPhone
2018-10-09 08:21:00,MAGA_DJTrump,hello world üëã,Trump App MAGA_DJTrump
2018-10-09 08:21:00,EmiratesNBD_AE,"@toyeenbsworld Hello Oluwatoyin ,We request you to connect with our call center at 600540000 about your query, and‚Ä¶ https://t.co/4NhYzR1e0f",Sprinklr Prod1
2018-10-09 08:21:00,Sharon_Blaauw,"@_songoftime @ExoMomFriend WELL HELLO MY NEW CHILDREN I GUESS thank, I knew I could count on you",Twitter for Android
2018-10-09 08:20:59,SoyGatoFederico,@HeyNachoCat Hello :*,Twitter Web Client
2018-10-09 08:20:56,AntonioCatalin8,@aSmashedFairy hello,Twitter for Android
2018-10-09 08:20:55,HartneyJurcevic,"@DigiDwebcare Hello,I need to register for energielabel, but I live outside the Netherlands,so I do not have burger‚Ä¶ https://t.co/5vjJX1Nzic",Twitter Web Client
2018-10-09 08:20:54,dezelak,"Hello EverybodyüòáIt's me... againüòã
It's time for my #TuesdayMotivationü§ó
The sky is wise and blue for a reason. So, t‚Ä¶ https://t.co/yuiNpg3mF6",Twitter Web Client
2018-10-09 08:20:51,CatBlocky,Hello. https://t.co/CCRxoZDBXI,Twitter for Android
2018-10-09 08:20:50,DiamondBankHelp,"@woleaheeb Hello @woleaheeb, we sincerely apologize for the discomfort caused. We have forwarded a detailed email o‚Ä¶ https://t.co/ufcJspldPw",Twitter Web Client
2018-10-09 08:20:49,seothejohnny,@ULTIMATERPE Hello little buddy.,Twitter for Android
2018-10-09 08:20:48,Nerf_Dermer,@FirstBSA hello there! I believe I left my jacket on a bus Friday just gone. What's the best way to check if it was handed in / spotted?,Twitter for Android
2018-10-09 08:20:48,NuraddeenMusta2,@CallMeKada hello sexy cute,Twitter for Android
2018-10-09 08:20:44,apexellens,"@baumgartashley hello, 
I am glad to meet you
I am us amazon seller and want to request you help me to do amazon re‚Ä¶ https://t.co/InUh1x5JDr",Twitter Web Client
2018-10-09 08:20:42,Jags50713816,@thinkervenu Hello sir what happened about tata motors,Twitter for Android
2018-10-09 08:20:42,SCFCJosh96,"""Hello emergency services before you use our services we need to know your Winston Churchill views"" https://t.co/D1j4U933i8",Twitter for Android
2018-10-09 08:20:41,Grace53207450,"Hello,good morning,this is Grace from Harsle Machine Tool company,this is press brake machine,if u need more inform‚Ä¶ https://t.co/00bcznX2Rk",Twitter Web Client
2018-10-09 08:20:41,Sejarothankgod1,@Benzema @bestofyou Hello,Twitter for Android
2018-10-09 08:20:40,missjohud,"@bagsdaisy543 @arwen_campbell @Liamfoxactor Those eyes!!! üòçüòçüòç
He is so handsome!
Hope says hello back.
She says ‚Äúco‚Ä¶ https://t.co/OQpY01BJ3S",Twitter for iPhone
2018-10-09 08:20:39,soledap1,Hello,Twitter Web Client
2018-10-09 08:20:36,Zebra_carol,"Hello üëãüèΩ registered guests!
Yes it‚Äôs our #Zebra ü¶ì#Wikieditathon on #AdaLovelaceDay today we kick off at 1pm through‚Ä¶ https://t.co/vSauTyNDyL",Twitter for iPhone
2018-10-09 08:20:34,Anna6Bonnie,"porn X sex Teen xxx Cougars Ts nsfw Hello video filthy Porn
https://t.co/yBsEkoei3Y",pctywn hwtbju2 lawzc5ao5
2018-10-09 08:20:33,luci_sa_,"@Viking1003Brown Hello, be happy Steven üçÄüåûüíê",Twitter Web Client
2018-10-09 08:20:32,AntonioCatalin8,@jbugs14 hello,Twitter for Android
2018-10-09 08:20:31,boxkiri,"@yluminary i fuckigndgingign thought you meant spiders, spidders, spiders ""hello poors"" georg",TweetDeck
2018-10-09 08:20:30,KtrinaDuan,@VICKYSIDHWANI hello,Twitter for iPad
2018-10-09 08:20:30,Greensboro_Newz,"Redefining global connectivity for the modern world. It is a ""flight away"" https://t.co/eAhsVuFa7z",SocialOomph
2018-10-09 08:20:29,garrus9,hello college PCP will you prescribe me valium that i need for migraines and seizures 'take rizatriptan even though‚Ä¶ https://t.co/ucJvvIw66v,Twitter Lite
2018-10-09 08:20:27,rashidaldosari,"@Reuters Hello Mr emperor Erdogan,, the burden of proof is on the accuser not the accused ,, if you know the law,,,‚Ä¶ https://t.co/gU0OtO5Pbd",Twitter for iPhone
2018-10-09 08:20:26,reyaaahh,Hello can u stop being cute with that kid :(( üò©üôÉ,Twitter for iPhone
2018-10-09 08:20:26,serenedipitypjm,AAAAHHHH HI HELLO MY CUTE BIAS LINE IN LONDON üò≠üíï https://t.co/3jIo8L07Dv,Twitter for Android
2018-10-09 08:20:26,babushithy,"@HELBpage Hello,Please check my loan status id no 34837375",Twitter for Android
2018-10-09 08:20:25,cookiesdjh,"hello im back from school

and im really mad about so many things",Twitter for Android
2018-10-09 08:20:23,Asur_Ra,"@BillClinton Hello, Mr. Clinton! Sorry about the online translator.  I  offer you an  exclusive course of body reju‚Ä¶ https://t.co/1yH6pb0rGi",Twitter Web Client
2018-10-09 08:20:23,rashidaldosari,"Hello Mr emperor Erdogan,, the burden of proof is on the accuser not the accused ,, if you know the law,,, but I no‚Ä¶ https://t.co/ArWyx5u1uP",Twitter for iPhone
2018-10-09 08:20:21,trhzty,HELLO VOLUNTEER ZOO NEGARA I KENA REJECT,Twitter for iPhone
2018-10-09 08:20:20,TheFrankreich92,Hello my nerdlings üíú After a LOT of thought I've made one of these things. It'll go towards minis/materials for‚Ä¶ https://t.co/yQTLC2AX3D,Twitter for Android
2018-10-09 08:20:20,waitwaitwait11,"@dmason_i Hello dmason, I wish you a lovely evening. xx xx",Twitter Web Client
2018-10-09 08:20:20,_berinoss,hello my baby,Twitter for Android
2018-10-09 08:20:19,HelloMarketUK,"He's back and it's like he's never been away, Hello Market's very own Harvey. #HelloMarket https://t.co/syqJ3MfRVS",Twitter Web Client
2018-10-09 08:20:18,andyc89,@northernassist @EMTrains @SCC_Help hello -do you have any plans to reduce idling trains at Sheffield station? It c‚Ä¶ https://t.co/F2Bha384dM,Twitter for iPhone
2018-10-09 08:20:17,thisissaket,"@sarbolifecoach Hello Sarbojit, can you please share your contact details. ?",Twitter for Android
2018-10-09 08:20:16,James660B,@maymayentrata07 Hello Maymay üòçüòçüòç,Twitter for Android
2018-10-09 08:20:16,mistereatgalway,@campaignforleo Vat increased for restaurants is so short sighted. Say goodbye to a lot a lot of Independent local‚Ä¶ https://t.co/UO4VFzxjZU,Twitter for Android
2018-10-09 08:20:16,kamjlaa,"Hello, John you can go to one of the amazing place in Kyoto","Cheap Bots, Done Quick!"
2018-10-09 08:20:13,codirectorb100,hello i saw my loves again today and i still love haechan like there‚Äôs no tomorrow,Twitter for iPhone
2018-10-09 08:20:13,NorthNorfolkDC,"@nath9541 @angliawater Hello Nathan, Do you mean that your bins have not been collected again?",Twitter Web Client
2018-10-09 08:20:12,Deeshapri2,edge tech from @Shell_India for the best biking experience. Say hello to the new Shell Advance AX7 #OutrideAnything,Twidere for Android #8
2018-10-09 08:20:12,gwangjusbabe,@RX931 @itsmejayseee @lexyangeles @issapandas #TDSTop5 #IAmAMonster hello we are voting and requesting for idol by‚Ä¶ https://t.co/eSHNrrBLWN,Twitter for Android
2018-10-09 08:20:10,Hello_DoctorSA,Need an #Immune Boost? take some #Vitamin C. Studies have shown it can reduce symptoms of cold or flu by up to 30%‚Ä¶ https://t.co/3VJmse06oR,Hootsuite Inc.
2018-10-09 08:20:08,Ushldno,@jennyturnerhall @GeorgeHWBush @SenatorCollins Hello Fake News üòÇ,Twitter for iPhone
2018-10-09 08:20:07,ILSANSBRIDE,@RX931 @itsmejayseee @lexyangeles @issapandas #TDSTop5 #IAmAMonster hello we are voting and requesting for idol by‚Ä¶ https://t.co/eyPpieYG61,Twitter for Android
2018-10-09 08:20:07,JuneLeeAdrin1,@AnwarKhanSolan2 Hello üëã there,Twitter for Android
2018-10-09 08:20:06,HotelEmpire,"Hello everyone out there :-) Empire, Juice Shop, Easy Bites, Karama, Punjabites and Dabba Gosht are all set spread‚Ä¶ https://t.co/Bod3vJuGoP",Twitter Web Client
2018-10-09 08:20:05,jithewon,@ULTIMATERPE Hello?,Twitter for iPhone
2018-10-09 08:20:05,Grimm_Troupe,hello good night to those who are going to sleep.,TweetDeck
2018-10-09 08:20:04,SW_Help,"@SpaceshipC Hello Christopher, you can claim Delay Repay if you're delayed by 15 minutes or more: https://t.co/ivBI0WCsCW ^NW",Coosto
2018-10-09 08:20:04,scr888group,#SCR888 #918KISS - scr888 ong ong topup myr20 cuci myr300.00 jackopt scr888 scr88....WhatsApp: 6011-57619648 üìû‚Ä¶ https://t.co/y7zST5Ra6u,scr888.group auto tweet
2018-10-09 08:20:03,JJKletsgetit,@RX931 @itsmejayseee @lexyangeles @issapandas #TDSTop5 #IAmAMonster hello we are voting and requesting for idol by‚Ä¶ https://t.co/zGrO2IwDt8,Twitter for Android
2018-10-09 08:20:02,Grace53207450,"Hello,good morning,this is Grace from Harsle Machine Tool company,this is press brake machine,if u need more inform‚Ä¶ https://t.co/OUjXHd6KKq",Twitter Web Client
2018-10-09 08:20:02,jamiefry007,@mcoon12369  hello there,Twitter Web Client
2018-10-09 08:20:00,Shubham74254185,hello,Twitter Web Client
2018-10-09 08:19:59,JHSW0RLD,@RX931 @itsmejayseee @lexyangeles @issapandas #TDSTop5 #IAmAMonster hello we are voting and requesting for idol by‚Ä¶ https://t.co/KLmGER9H3L,Twitter for Android
2018-10-09 08:19:59,smalldryadd,hello how much longer until I am attractive and can thank puberty,Twitter for iPhone
2018-10-09 08:19:58,capnscumbag,"hello my name is dyanne and i am addicted to enoki mushrooms, i have a real problem",Twitter for iPhone
2018-10-09 08:19:56,SupportBitstamp,"@byferheng Hello, please check your ticket.",Twitter Web Client
2018-10-09 08:19:55,flist_ebooks,A REAL GLORYHOLE EXPERIENCE. Looking for a rp based role of it so immediate notices that can't say hello~ I'm PM-friendly,flistebooks
2018-10-09 08:19:54,bonappetiet,Hello üí´,Twitter for iPhone
2018-10-09 08:19:51,catharticanger,oof hello there fellow daddy gay,Twitter Web Client
2018-10-09 08:19:49,Suff_highways,"@KarlVernau Hello Karl, thank you for your tweet. The works taking place on Defoe Road junction with Henley Road ar‚Ä¶ https://t.co/kGUNDOfZ5V",Twitter Web Client
2018-10-09 08:19:49,Bells260,"@partydelightsUK hello, what is up with your pricing on the website, I noticed certain outfits the day before yeste‚Ä¶ https://t.co/oUmG6s39XS",Twitter for iPhone
2018-10-09 08:19:46,christinartnd,@seanreid86 Hello good sir!,Twitter for iPhone
2018-10-09 08:19:46,sophuckkk,breakfast. hello wife me up üôãüèΩ‚Äç‚ôÄÔ∏è lool https://t.co/lB28lKO7mG,Twitter for iPhone
2018-10-09 08:19:45,JackCookman1996,I liked a @YouTube video https://t.co/ZC64hyIuJL OMFG - Hello,Google
2018-10-09 08:19:44,wisejimin,"It was when Namjoon about to give up, the man he was looking for showed up. 

 ""Oh, hello."" the man greeted Namjoon‚Ä¶ https://t.co/Xax5TE7Bjq",Twitter for Android
2018-10-09 08:19:42,dentist_ali91,"@EAHelp hello, i‚Äôm trying to change the email on my EA account but there is an issue on verification of the existin‚Ä¶ https://t.co/4vpSSelMUk",Twitter for iPhone
2018-10-09 08:19:41,cerysmorgan0104,@TicketmasterCS Hello.,Twitter for iPad
2018-10-09 08:19:41,Abu_Ammah,@yasmee_ras Hello my lady.üåπ,Twitter for iPhone
2018-10-09 08:19:40,jamiefry007,@BigabwaSerge hello,Twitter Web Client
2018-10-09 08:19:39,9mobileng,@achonwa8080 Hello ogbu! We certainly do not like you to have this impression about us. We can find a way around wh‚Ä¶ https://t.co/s0hJ4A6FZ1,Lithium Tech.
2018-10-09 08:19:38,_marcuree,"This is my 4th sketch in the span of 6 hours ü§£

Hello Hyuck I hope you had fun at @JimmyKimmelLive !

#HAECHAN #Ìï¥Ï∞¨‚Ä¶ https://t.co/llVEwcRuqZ",Twitter for Android
2018-10-09 08:19:37,seyon9,@Bet9jaHelp @dubex_io Hello I am trying to transfer fund today and is telling me daily transfer limit exceeded and‚Ä¶ https://t.co/dIbTjKruPj,Mobile Web (M2)
2018-10-09 08:19:35,Tony2ledo,Hi hello,Twitter for Android
2018-10-09 08:19:30,thisdickson,Whenever my girlfriend comes home from work she‚Äôll say ‚Äúhello my love‚Äù to me and it makes my life lol üíó https://t.co/AdsAI6rdmp,Twitter for iPhone
2018-10-09 08:19:30,EsmeSanu,Hello world. It's me. I'd like a new job please,Twitter for Android
2018-10-09 08:19:29,OhClello,"@noplain Hakone! Beautiful mountainous ryokan country a couple of hours from Tokyo. Hello bathing, relaxing, incred‚Ä¶ https://t.co/vBt8KKMSI7",Twitter for iPhone
2018-10-09 08:19:28,smallquanzhe,"Hello my sweet children I'm sick, my back hurts, my blood sugar is low and I feel like dying but at least Idol prod‚Ä¶ https://t.co/PvzJ1XMcch",Twitter for Android
2018-10-09 08:19:27,sethkwei,"HELLO FACEBOOK FRIENDS,
I do not wish to receive any of these 2 messages again. I'm now inconvenienced by the dozen‚Ä¶ https://t.co/Q4SWC0KoAL",Facebook
2018-10-09 08:19:24,Leeward_IK,"Hello NK, popularity doesn't mean acceptability.
I don't think her political party has d resources to hit d road as‚Ä¶ https://t.co/Wd2wtEsRKY",Twitter for Android
2018-10-09 08:19:20,Nancy7037,"@badasszariiaa Hello there! 
We would love to assist you. We are having a team of professional developers with more‚Ä¶ https://t.co/kih2kiSDD7",TweetDeck
2018-10-09 08:19:20,ntelcare,"@t_jac @ntelng Hello @t_jac, please be informed that plan has been activated successfully on your line. Kindly rest‚Ä¶ https://t.co/AawHwSuZgw",Twitter Web Client
2018-10-09 08:19:19,RPK_Valerie,"Hello Juan, what kind of reform exactly ? #Airbus https://t.co/wlilCHZeVy",Twitter for Android
2018-10-09 08:19:19,Grace53207450,"Hello,good morning,this is Grace from Harsle Machine Tool company,,this is shearing machine,if u need more informat‚Ä¶ https://t.co/HJNNmjuGGF",Twitter Web Client
2018-10-09 08:19:19,Prod1Sne,@SnehaTest1 Hello,Twitter for iPhone
2018-10-09 08:19:16,ItsDeedaaa,"Hello,
Have a terrible Tuesday 
Bye",Twitter for iPhone
2018-10-09 08:19:16,PojoLoco,o hello big brother. https://t.co/IkjyvLfhNC,Twitter Web Client
2018-10-09 08:19:11,AskPS_UK,"@smwalsh1970 Hello! As long as the game hasn't been downloaded, you can find out how to request a refund and check‚Ä¶ https://t.co/1bAMfv7hB4",Oracle Engage
2018-10-09 08:19:11,ajeet_k_k,"Hello friend's ,
We have released new offer. This offer  includes (a) single page website , (b) sending inquiry via‚Ä¶ https://t.co/41Cd1nX05E",Facebook
2018-10-09 08:19:08,wellbeingcare1,Well hello Spear Recruitment Thanks for following us. Please Visit https://t.co/rVkTCYdeZF to know more about us.!!!. Have a great day!,IFTTT
2018-10-09 08:19:05,EdoardoTuo,@boosts hello bro,TweetDeck
2018-10-09 08:19:04,GillAimen,"Hello 911!
UHS is trying to torture with viva/practical schedule.
On our happy day 
#yayayayayayayayaya",Twitter for iPhone
2018-10-09 08:19:02,iLLESTration_,"@PittsburghFdn  Hello, I wanted to inquire about the Mac Miller Circles Fund. I live in the UK and wanted to donate‚Ä¶ https://t.co/txy4L66KdM",Twitter Web Client
2018-10-09 08:19:02,DaddariooMalec,"Doctor: hey!! Hello how you doing?
Me: hmm actually I came here to know. How am I doing, doctor? 
Doctor: *drops hi‚Ä¶ https://t.co/HyGzxEk87M",Twitter for Android
2018-10-09 08:19:01,TSB,@Funkinmondays Hello. I'm very sorry to read that you haven't heard anything about your complaint. Please can you D‚Ä¶ https://t.co/7j727HgxlQ,Lithium Tech.
2018-10-09 08:19:00,gwangjusbabe,@RX931 @itsmejayseee @lexyangeles @issapandas @RX931 hello djs and sj! Im voting &amp; requesting for idol by @BTS_twt‚Ä¶ https://t.co/RAv9cJP0HO,Twitter for Android
2018-10-09 08:18:56,ILSANSBRIDE,@RX931 @itsmejayseee @lexyangeles @issapandas @RX931 hello djs and sj! Im voting &amp; requesting for idol by @BTS_twt‚Ä¶ https://t.co/cpfhkc0KG1,Twitter for Android
2018-10-09 08:18:54,btsflaws,classes are doneeeee hello! üëã,Twitter for Android
2018-10-09 08:18:53,snkdongmin,hello.,Twitter for iPhone
2018-10-09 08:18:53,Footasylum,"@elliotwillman2o Hello, sorry for the inconvenience. @Footasylum_Help should be able to assist with this. Thanks.",Twitter Web Client
2018-10-09 08:18:53,LalMuha19647067,Hello,Twitter for Android
2018-10-09 08:18:52,syfkharindah,Hello comel @masturajasmi26,Twitter for iPhone
2018-10-09 08:18:52,JJKletsgetit,@RX931 @itsmejayseee @lexyangeles @issapandas @RX931 hello djs and sj! Im voting &amp; requesting for idol by @BTS_twt‚Ä¶ https://t.co/B0ukdOGsWA,Twitter for Android
2018-10-09 08:18:47,SabineCookieBro,"Hello everyone,
I am already live on Spotify with our music, so check it out.

https://t.co/79HpC7Erbl",Twitter Web Client
2018-10-09 08:18:47,Footasylum,"@kayleighbakerpt @gymking_ Hello, sorry for the inconvenience. @Footasylum_Help should be able to assist with this. Thanks.",Twitter Web Client
2018-10-09 08:18:46,MightyLGames,"Hello @YorksCoastRadio today we think 1974
While dancing about to Abba",TweetDeck
2018-10-09 08:18:46,MohamedSiryo,@oretga_J Hello,Twitter for Android
2018-10-09 08:18:45,achillcarrot,"@Minggu_MinSu @pledis_17 that smile &gt;&lt; ur an angel, hello!!! ‚ú®",Twitter for Android
2018-10-09 08:18:43,Grace53207450,"Hello,good morning,this is Grace from Harsle Machine Tool company,this is punching machine,if u need more informati‚Ä¶ https://t.co/HjqsLc6eXm",Twitter Web Client
2018-10-09 08:18:40,Catnames2,"Hello, I am a sunset cat called Don Jane Chihuahua of Muff #catnames","Cheap Bots, Done Quick!"
2018-10-09 08:18:39,yoongicherry,"@TheO2 hello, can I bring food inside the building?? Not the arena",Twitter for Android
2018-10-09 08:18:39,I0969taka,@ULTIMATERPE Helloüëã,Twitter for Android
2018-10-09 08:18:38,launjin,hello I was meant to be on this acc in august but life happened and I'm here now uwu,Twitter for Android
2018-10-09 08:18:38,mybabyikon,"HELLO @Redbb1n DON'T LEAVE ME HANGING, FEEDBACK PLZ",Twitter for Android
2018-10-09 08:18:37,BoxCompetition,"Hello Guys !
1. Automated Vacuum Cleaner, like THE iRobot Roomba.
2. Smart thermostat solutions, like Nest Labs:‚Ä¶ https://t.co/RM1c1NEcU3",Twitter Web Client
2018-10-09 08:18:37,AntonioCatalin8,@b_radl3y hello,Twitter for Android
2018-10-09 08:18:36,Bellamo82165411,@NCTsmtown_127 English?  Hello NCT,Twitter for Android
2018-10-09 08:18:35,BishoptonPS,"Week Beginning 8/10/18: Hello parents, this week the homework is as follows Maths ‚Äì I have dotted with red pen a fe‚Ä¶ https://t.co/E1fjlf9Nns",dlvr.it
2018-10-09 08:18:32,ChazLanier1,@crisp_aw @greta Its not appropriate to stop a person simply because of the color of their skin which is the uninte‚Ä¶ https://t.co/6MVUTEGAjF,Twitter for Android
2018-10-09 08:18:29,vueling,"@charlottedgen Hello Charlotte, according to the SR 1-12425881343 our colleagues already refund you the reservation‚Ä¶ https://t.co/bGeSyfbgQw",CX Social
2018-10-09 08:18:26,adamzjamal,"@RoyalMabati hello, I don't know why you don't pick up the calls",Twitter for Android
2018-10-09 08:18:25,Titania960108,Hello :) https://t.co/gRwGrsJi0z,Curious Cat
2018-10-09 08:18:24,Mr_QNoobRBLX,Hello everyone! :D,Twitter Lite
2018-10-09 08:18:24,zsanylbalazon,hello @tolentinogian14 üòÇüòÇ https://t.co/WK1bLMoaWJ,Twitter Web Client
2018-10-09 08:18:21,Awo_Seyio,@Bet9jaHelp @melvinnatural Hello please I'm having issues with my account. I tried making a withdrawal and it's say‚Ä¶ https://t.co/HgdUrgQMu4,Twitter for Android
2018-10-09 08:18:20,ruthyone,"Just saying hello to my new follower @ATSocialMediaUK, looking forward to tweeting with you. #sayhello https://t.co/txWcIQ5RKb",Who Unfollowed Me
2018-10-09 08:18:19,HotpointSupport,"@TracyClose1973 Hello Tracy, I am sorry to hear this and would like yo look into this further, I just need to ask f‚Ä¶ https://t.co/YtDPfn5JJz",Conversocial
2018-10-09 08:18:12,Aaronxieqiang,"@katzkin Hello,Ms Mitchell Katz,how are you? we are car seat cover faux leather material manufacturer,if any needs‚Ä¶ https://t.co/GHPTIUYIKE",Twitter Web Client
2018-10-09 08:18:12,Obiwanflower,@Psyko_Chti @geantvert186 Hello miss üòòüòò,Twitter for Android
2018-10-09 08:18:10,Biyatife,"These people in the rural areas are human beings too, Biko! I wonder how these things never trend. @nemanigeria‚Ä¶ https://t.co/hLzZDtXJUe",Twitter for Android
2018-10-09 08:18:10,mijueee,"@Nin_Nin_Game Hello, I have been given two tracking numbers for the same order, the order no is: INIQEQJTT. Can you‚Ä¶ https://t.co/INmA0I7reD",Twitter Web Client
2018-10-09 08:18:09,iGachango,"Hello @KenyaPower_Care there's no power in some parts of Blue Triangle Village Athi River, what could be the proble‚Ä¶ https://t.co/fL6eh5FKjl",Twitter for Android
2018-10-09 08:18:06,ahseeyaa,amazing someone actually replied my hello during his isaac livestream,Twitter Web Client
2018-10-09 08:18:06,rhyder,"@balconyshirts ""Hello is that the council? I wish to report a sudden and unexpected erection in my back passage."" https://t.co/dI17qrKBtf",Twitter Web Client
2018-10-09 08:18:05,Hahanikhan10Lee,@niftywizard Hello sir I am.newbie in market I lost a lot because  of  news channel can you please guide me where t‚Ä¶ https://t.co/Vw57S1DMxw,Twitter Lite
2018-10-09 08:18:04,jaredimnineteen,"Hello, I'm Mia, I'm 31, and I never fucking learned how to make phone calls.","Cheap Bots, Done Quick!"
2018-10-09 08:18:04,Iilmeows,Hello I‚Äôll always be grateful for Yoongi‚Äôs aspirations. don‚Äôt forget to rest,"Cheap Bots, Done Quick!"
2018-10-09 08:18:01,BYOGD,Today is World Post Day! Smile and say hello to your postman! üòÑüì´ https://t.co/MDc83fv2B7,drumup.io
2018-10-09 08:18:01,tiiana_es,he's my favorite hello but my hardest goodbye &lt;3,Twitter for iPhone
2018-10-09 08:18:01,skzmxuwu,hhnNNGGGG SAY HELLO TO THE CUTEST PERSON ON EARTH uwu https://t.co/cZnctjyX4N,Twitter for Android
2018-10-09 08:18:00,sejkou,hello i love wwx,Twitter for iPhone
2018-10-09 08:17:59,Asur_Ra,"@HillaryClinton Hello, Mrs Clinton! Sorry about the online translator.  I  offer you an exclusive course of body re‚Ä¶ https://t.co/E7LSRvXaTt",Twitter Web Client
2018-10-09 08:17:58,Grace53207450,"Hello,good morning,this is Grace from Harsle Machine Tool company,this is shearing machine,if u need more informati‚Ä¶ https://t.co/459U4pECc3",Twitter Web Client
2018-10-09 08:17:57,Eric_TB_bot,"Hello, old friend. We've come to finish what we started",twittbot.net
2018-10-09 08:17:57,AdmiralUKHelp,"@pcharts94 Hello there Pete, sorry to hear you haven't received your documents yet but I'm happy to take a look int‚Ä¶ https://t.co/phHi9wPDM0",SocialSignIn Application
2018-10-09 08:17:56,AlBelaliAmeen,@ARPhilippines hello I am looking for gun with house for AR blue clean 141,Twitter for iPhone
2018-10-09 08:17:55,xStilllTheOnex,"@VasiliaofGreece She looked at the woman through her sunglasses,  not knowing who she was. 

‚ÄúHello?‚Äù 

She put her‚Ä¶ https://t.co/Y4HFhnZoHJ",Twitter for iPhone
2018-10-09 08:17:54,gbbyx0,Hello... can you hear me? Now put your hands in the air üôåüèª for the century https://t.co/tIqUm9BNRX,Twitter for iPhone
